{"1": {"train_loss": 0.030486808693488607, "val_loss": 0.04581303645971155}, "2": {"train_loss": 0.024592957174227405, "val_loss": 0.04360640627419285}, "3": {"train_loss": 0.024102693792233978, "val_loss": 0.0492341495476201}, "4": {"train_loss": 0.024585121453117646, "val_loss": 0.049173087067669034}, "5": {"train_loss": 0.02427584509750379, "val_loss": 0.04537529535722121}, "6": {"train_loss": 0.024426485706349584, "val_loss": 0.04576933204156453}, "7": {"train_loss": 0.024160776865706012, "val_loss": 0.044850043725025664}, "8": {"train_loss": 0.024415940527273524, "val_loss": 0.04885229785899141}, "9": {"train_loss": 0.02425687621207347, "val_loss": 0.04314127181570602}, "10": {"train_loss": 0.024567021058464353, "val_loss": 0.04370607714990652}, "11": {"train_loss": 0.024771321181074443, "val_loss": 0.04438733534360921}, "12": {"train_loss": 0.024584734724552762, "val_loss": 0.046691457390843724}, "13": {"train_loss": 0.024505321695180136, "val_loss": 0.04327455582378546}, "14": {"train_loss": 0.023830377633194958, "val_loss": 0.04524058045901839}, "15": {"train_loss": 0.024555027896085775, "val_loss": 0.0437989788673068}, "16": {"train_loss": 0.024309817838174243, "val_loss": 0.04493595955686139}, "17": {"train_loss": 0.025037159864241213, "val_loss": 0.04355750639660385}, "18": {"train_loss": 0.024439970290274456, "val_loss": 0.043039931878863534}, "19": {"train_loss": 0.024118777763181654, "val_loss": 0.04447630285506329}, "20": {"train_loss": 0.024857759577657408, "val_loss": 0.044273583723768245}}