{"1": {"train_loss": 0.22376002583665675, "val_loss": 0.18144294762398525}, "2": {"train_loss": 0.18467800293026426, "val_loss": 0.18002030515987402}, "3": {"train_loss": 0.18144327599459184, "val_loss": 0.17492196018200593}, "4": {"train_loss": 0.1790442789912157, "val_loss": 0.17337154115254258}, "5": {"train_loss": 0.17681447487223567, "val_loss": 0.17550164617697997}, "6": {"train_loss": 0.17575465921127106, "val_loss": 0.17323166237265689}, "7": {"train_loss": 0.17614199413341433, "val_loss": 0.17403826406142048}, "8": {"train_loss": 0.1742759068223797, "val_loss": 0.1722121991051518}, "9": {"train_loss": 0.17370235869567138, "val_loss": 0.1748243714221734}, "10": {"train_loss": 0.173469467582335, "val_loss": 0.16748454805741536}, "11": {"train_loss": 0.17237583901153644, "val_loss": 0.1693553723810466}, "12": {"train_loss": 0.17238643198123668, "val_loss": 0.16736367492143328}, "13": {"train_loss": 0.17119720839763017, "val_loss": 0.1847621502706592}, "14": {"train_loss": 0.17055934739256481, "val_loss": 0.1677722227345916}, "15": {"train_loss": 0.16985130485756564, "val_loss": 0.17045744210122468}, "16": {"train_loss": 0.16958088471141988, "val_loss": 0.169645453225807}, "17": {"train_loss": 0.1684141912940611, "val_loss": 0.1704637131223952}, "18": {"train_loss": 0.1682917222472584, "val_loss": 0.1691740580121389}, "19": {"train_loss": 0.168289550348074, "val_loss": 0.18429436133266835}, "20": {"train_loss": 0.1669585329581685, "val_loss": 0.17729424752832926}, "21": {"train_loss": 0.168013097948845, "val_loss": 0.1679613116381086}, "22": {"train_loss": 0.16827125204112492, "val_loss": 0.1684452925851076}, "23": {"train_loss": 0.16726620935398914, "val_loss": 0.16733763065025606}, "24": {"train_loss": 0.16633019555362982, "val_loss": 0.16645801952644848}, "25": {"train_loss": 0.16598516219973827, "val_loss": 0.16546690822969645}, "26": {"train_loss": 0.1672702659880193, "val_loss": 0.16973538463353674}, "27": {"train_loss": 0.1663450507423016, "val_loss": 0.17527862438095218}, "28": {"train_loss": 0.16586274297578874, "val_loss": 0.16765104580124174}, "29": {"train_loss": 0.16746243743662823, "val_loss": 0.16528576675974965}, "30": {"train_loss": 0.16514198984332634, "val_loss": 0.18747612461805582}, "31": {"train_loss": 0.16641043799514985, "val_loss": 0.16458847192354734}, "32": {"train_loss": 0.1668511484310731, "val_loss": 0.16499406521874116}, "33": {"train_loss": 0.16577562337135496, "val_loss": 0.1964596423617932}, "34": {"train_loss": 0.16606534022195912, "val_loss": 0.17413809885758005}, "35": {"train_loss": 0.16594932263475456, "val_loss": 0.16755204569511634}, "36": {"train_loss": 0.1661877489671929, "val_loss": 0.19632317951568115}, "37": {"train_loss": 0.16606553721285763, "val_loss": 0.16738172773208962}, "38": {"train_loss": 0.16535840100271118, "val_loss": 0.1665565382602432}, "39": {"train_loss": 0.16482330243186283, "val_loss": 0.16483186277089446}, "40": {"train_loss": 0.1646215343563784, "val_loss": 0.16986640020828173}, "41": {"train_loss": 0.16459643470054944, "val_loss": 0.17467728124566323}, "42": {"train_loss": 0.16427144541737973, "val_loss": 0.17114964324104961}, "43": {"train_loss": 0.16489380624089106, "val_loss": 0.1679159893217281}, "44": {"train_loss": 0.1663100068542392, "val_loss": 0.20015138709416572}, "45": {"train_loss": 0.16555841966933846, "val_loss": 0.17036464244834587}, "46": {"train_loss": 0.16509188130842253, "val_loss": 0.16664934435728546}, "47": {"train_loss": 0.1667775497136093, "val_loss": 0.18680601181785117}, "48": {"train_loss": 0.1644667323794424, "val_loss": 0.1659233839591943}, "49": {"train_loss": 0.16560654444317288, "val_loss": 0.1670916822635277}, "50": {"train_loss": 0.16414651782083142, "val_loss": 0.16735960130860966}, "51": {"train_loss": 0.16450324190601792, "val_loss": 0.16400944572895798}, "52": {"train_loss": 0.16350409951229108, "val_loss": 0.16926377125694442}, "53": {"train_loss": 0.16473398222324362, "val_loss": 0.1687511051225237}, "54": {"train_loss": 0.1652102645713212, "val_loss": 0.16684773705238504}, "55": {"train_loss": 0.1645737359460887, "val_loss": 0.1764591039918337}, "56": {"train_loss": 0.16479848318875528, "val_loss": 0.1773285308089488}, "57": {"train_loss": 0.16441756342992198, "val_loss": 0.1750266275223921}, "58": {"train_loss": 0.16425765438568726, "val_loss": 0.16604198728703898}, "59": {"train_loss": 0.1647338553252675, "val_loss": 0.1702827419421171}, "60": {"train_loss": 0.16528087381288767, "val_loss": 0.16795225944650455}}