{"1": {"train_loss": 0.2237762788191774, "val_loss": 0.17865957851872638}, "2": {"train_loss": 0.18284464730229166, "val_loss": 0.17982696085725478}, "3": {"train_loss": 0.17873131521789343, "val_loss": 0.18074774519919767}, "4": {"train_loss": 0.17577059408423157, "val_loss": 0.17590279440751153}, "5": {"train_loss": 0.17495045276327234, "val_loss": 0.17647693431725514}, "6": {"train_loss": 0.17269413589117805, "val_loss": 0.1756727306277658}, "7": {"train_loss": 0.17312286574352168, "val_loss": 0.17353934617938946}, "8": {"train_loss": 0.16965139665836998, "val_loss": 0.1755530819675706}, "9": {"train_loss": 0.16730848460836514, "val_loss": 0.17497236826306123}, "10": {"train_loss": 0.16615475034127486, "val_loss": 0.17392596265045784}, "11": {"train_loss": 0.16524509338435323, "val_loss": 0.17171342951385585}, "12": {"train_loss": 0.1636319199383142, "val_loss": 0.16651749707545507}, "13": {"train_loss": 0.16311585420168415, "val_loss": 0.1668961790360885}, "14": {"train_loss": 0.16239619224221002, "val_loss": 0.16909028270584908}, "15": {"train_loss": 0.1610623324388686, "val_loss": 0.1668629564086725}, "16": {"train_loss": 0.1599443637049604, "val_loss": 0.1709614702125161}, "17": {"train_loss": 0.15847283401329113, "val_loss": 0.16237981129064233}, "18": {"train_loss": 0.15980470556378704, "val_loss": 0.17593791357897495}, "19": {"train_loss": 0.159990912447956, "val_loss": 0.16874590884328394}, "20": {"train_loss": 0.16023140641884306, "val_loss": 0.17289085495067721}, "21": {"train_loss": 0.16134652219523463, "val_loss": 0.17467896011828196}, "22": {"train_loss": 0.16073861497122655, "val_loss": 0.17712336214669125}, "23": {"train_loss": 0.16196153594219062, "val_loss": 0.2018381368332325}, "24": {"train_loss": 0.1613137618964184, "val_loss": 0.16749672374541946}, "25": {"train_loss": 0.1621716534775114, "val_loss": 0.1638690472687201}, "26": {"train_loss": 0.16144132946572956, "val_loss": 0.17095442203651764}, "27": {"train_loss": 0.16146496951741643, "val_loss": 0.16799036039810078}, "28": {"train_loss": 0.16250355866266178, "val_loss": 0.16914845661294328}, "29": {"train_loss": 0.16205761035665156, "val_loss": 0.17428816399494731}, "30": {"train_loss": 0.16210521029853397, "val_loss": 0.17398540213240382}, "31": {"train_loss": 0.16118495567338262, "val_loss": 0.16500761900449112}, "32": {"train_loss": 0.16080796315694146, "val_loss": 0.16486272010935274}, "33": {"train_loss": 0.16135400004575212, "val_loss": 0.17506492190590134}, "34": {"train_loss": 0.1612332451971439, "val_loss": 0.16869632887108915}, "35": {"train_loss": 0.16136193258841744, "val_loss": 0.16759128902290937}, "36": {"train_loss": 0.16097101366162797, "val_loss": 0.17043424122454034}, "37": {"train_loss": 0.15997812559014288, "val_loss": 0.16388154070690822}, "38": {"train_loss": 0.1609606276135642, "val_loss": 0.1656789251777291}, "39": {"train_loss": 0.1616527130083364, "val_loss": 0.16628564338251833}, "40": {"train_loss": 0.16108437097966702, "val_loss": 0.22666265558462467}, "41": {"train_loss": 0.16041695839580072, "val_loss": 0.16551368643944506}, "42": {"train_loss": 0.1605398656387692, "val_loss": 0.1935425946812898}, "43": {"train_loss": 0.16078648089411704, "val_loss": 0.1692957410402113}, "44": {"train_loss": 0.16156144642662243, "val_loss": 0.16558285396328007}, "45": {"train_loss": 0.1601367704209282, "val_loss": 0.17767496655708023}, "46": {"train_loss": 0.16107228772669857, "val_loss": 0.17851971457933627}, "47": {"train_loss": 0.16100160685034406, "val_loss": 0.17147921792119888}, "48": {"train_loss": 0.16064353283074184, "val_loss": 0.1639748321493197}, "49": {"train_loss": 0.1604368634121348, "val_loss": 0.1669005817400301}, "50": {"train_loss": 0.1608070699004475, "val_loss": 0.2870189583034047}, "51": {"train_loss": 0.16112490334248022, "val_loss": 0.1670064956660798}, "52": {"train_loss": 0.16146710243290976, "val_loss": 0.1961875462160774}, "53": {"train_loss": 0.16003876810690934, "val_loss": 0.1669534092941007}, "54": {"train_loss": 0.1618736670154244, "val_loss": 0.23715302428710203}, "55": {"train_loss": 0.16135661180237426, "val_loss": 0.2058479625252776}, "56": {"train_loss": 0.15943392893890274, "val_loss": 0.16446406598560584}, "57": {"train_loss": 0.1602144290784459, "val_loss": 0.17410437998900502}, "58": {"train_loss": 0.16033515537956874, "val_loss": 0.16530622063907702}, "59": {"train_loss": 0.1612859651216731, "val_loss": 0.16940551733190085}, "60": {"train_loss": 0.1597835239931821, "val_loss": 0.17648183733529538}}