{"1": {"train_loss": 0.22508876508648007, "val_loss": 0.17913686444082363}, "2": {"train_loss": 0.18341712795802764, "val_loss": 0.17931316453657656}, "3": {"train_loss": 0.17783413685355434, "val_loss": 0.17764753661638594}, "4": {"train_loss": 0.17495424129549147, "val_loss": 0.18310042916569702}, "5": {"train_loss": 0.17453826325518632, "val_loss": 0.17761716931422217}, "6": {"train_loss": 0.17395931815724827, "val_loss": 0.17990850486519003}, "7": {"train_loss": 0.1702800341410945, "val_loss": 0.17189988597642697}, "8": {"train_loss": 0.16811104587746045, "val_loss": 0.17691105902750176}, "9": {"train_loss": 0.167044417721866, "val_loss": 0.17332007551756415}, "10": {"train_loss": 0.16536863319233486, "val_loss": 0.17219372082961762}, "11": {"train_loss": 0.1649426062409429, "val_loss": 0.1703644341649128}, "12": {"train_loss": 0.16385344417669645, "val_loss": 0.16728422692881925}, "13": {"train_loss": 0.16302337725574742, "val_loss": 0.16747709803683217}, "14": {"train_loss": 0.16194202251466938, "val_loss": 0.1702145230410009}, "15": {"train_loss": 0.16036210431972794, "val_loss": 0.16577092140712296}, "16": {"train_loss": 0.1607126281288054, "val_loss": 0.17054273852315163}, "17": {"train_loss": 0.16054448152726475, "val_loss": 0.16867804918783608}, "18": {"train_loss": 0.1597757433504366, "val_loss": 0.16751694621312785}, "19": {"train_loss": 0.16072338769068487, "val_loss": 0.16822757793774532}, "20": {"train_loss": 0.159997914364616, "val_loss": 0.16637027775939556}, "21": {"train_loss": 0.1596033419466187, "val_loss": 0.17116264362347072}, "22": {"train_loss": 0.16067285007733487, "val_loss": 0.1734646674262524}, "23": {"train_loss": 0.1606049300411948, "val_loss": 0.17854048530213593}, "24": {"train_loss": 0.16091913950286615, "val_loss": 0.1678805097534027}, "25": {"train_loss": 0.16085551496549214, "val_loss": 0.17085674948808907}, "26": {"train_loss": 0.1587185095595083, "val_loss": 0.17958917386023843}, "27": {"train_loss": 0.16013418893172193, "val_loss": 0.16626700628649013}, "28": {"train_loss": 0.16149191464880597, "val_loss": 0.21381576757127013}, "29": {"train_loss": 0.16174289283599982, "val_loss": 0.17378351083343055}, "30": {"train_loss": 0.16222693159911938, "val_loss": 0.16919404246084951}, "31": {"train_loss": 0.1628359295294597, "val_loss": 0.1784192318756485}, "32": {"train_loss": 0.16113704894973963, "val_loss": 0.1714117291202577}, "33": {"train_loss": 0.16048193951830164, "val_loss": 0.17776827585568378}, "34": {"train_loss": 0.16093393263558953, "val_loss": 0.18283430173687368}, "35": {"train_loss": 0.16183670488140361, "val_loss": 0.1629853954610361}, "36": {"train_loss": 0.16155483330620776, "val_loss": 0.16610053092609203}, "37": {"train_loss": 0.16060860945701336, "val_loss": 0.17188048252025703}, "38": {"train_loss": 0.1618799323451285, "val_loss": 0.1727961569854913}, "39": {"train_loss": 0.1614996623994378, "val_loss": 0.17737666304030406}, "40": {"train_loss": 0.16088000455714896, "val_loss": 0.1666386813085535}, "41": {"train_loss": 0.1619326410776216, "val_loss": 0.16623501125105683}, "42": {"train_loss": 0.16264354022211946, "val_loss": 0.1935237140624935}, "43": {"train_loss": 0.16066262089650205, "val_loss": 0.1656895029321586}, "44": {"train_loss": 0.1617783388638926, "val_loss": 0.16892192284415528}, "45": {"train_loss": 0.1602447117838725, "val_loss": 0.164853950575604}, "46": {"train_loss": 0.1616316964221377, "val_loss": 0.17494554147717764}, "47": {"train_loss": 0.1609389669341199, "val_loss": 0.17033965730218345}, "48": {"train_loss": 0.16094698571207264, "val_loss": 0.1645782372712427}, "49": {"train_loss": 0.1612238725182316, "val_loss": 0.16756485968694837}, "50": {"train_loss": 0.16118650293298586, "val_loss": 0.1759336213866051}, "51": {"train_loss": 0.15964357227946438, "val_loss": 0.19716816186701838}, "52": {"train_loss": 0.16056562698969967, "val_loss": 0.16493404272394224}, "53": {"train_loss": 0.15972762027694637, "val_loss": 0.1701890606926044}, "54": {"train_loss": 0.15962705066186178, "val_loss": 0.18406430690720846}, "55": {"train_loss": 0.15931528522778635, "val_loss": 0.19141803268214622}, "56": {"train_loss": 0.15978429802096375, "val_loss": 0.16927506072272155}, "57": {"train_loss": 0.1595502056864692, "val_loss": 0.16447153929933137}, "58": {"train_loss": 0.16024261411559046, "val_loss": 0.16571629035846516}, "59": {"train_loss": 0.15910045022369493, "val_loss": 0.17731200077100243}, "60": {"train_loss": 0.15880483017574423, "val_loss": 0.17278173687875356}}