{"1": {"train_loss": 319.3607646844558, "val_loss": 225.71447796652578}, "2": {"train_loss": 237.29962893920754, "val_loss": 235.58823681870123}, "3": {"train_loss": 223.1220601360915, "val_loss": 201.95016520706284}, "4": {"train_loss": 215.36966103078169, "val_loss": 196.4130864440051}, "5": {"train_loss": 208.49710465325663, "val_loss": 194.6110287266028}, "6": {"train_loss": 204.03076185584786, "val_loss": 194.24156009347283}, "7": {"train_loss": 201.36692665241463, "val_loss": 209.4436301570749}, "8": {"train_loss": 199.27022577279968, "val_loss": 235.46406249686078}, "9": {"train_loss": 191.1033191460174, "val_loss": 210.78923425066372}, "10": {"train_loss": 185.9040261716192, "val_loss": 187.14782389011293}, "11": {"train_loss": 181.51191079847857, "val_loss": 190.05104369350573}, "12": {"train_loss": 177.22119891891754, "val_loss": 183.80566444295218}, "13": {"train_loss": 174.3160751748606, "val_loss": 180.397797503941}, "14": {"train_loss": 171.5212703762314, "val_loss": 188.73946068876805}, "15": {"train_loss": 169.19248964340693, "val_loss": 177.6248355418538}, "16": {"train_loss": 169.35562993826585, "val_loss": 181.16824932433155}, "17": {"train_loss": 165.4849821493043, "val_loss": 188.68990438488504}, "18": {"train_loss": 165.04939652633354, "val_loss": 185.3629811603657}, "19": {"train_loss": 163.07448799653147, "val_loss": 193.74040802982336}, "20": {"train_loss": 161.1689172197382, "val_loss": 202.2067985109836}, "21": {"train_loss": 163.7181770902528, "val_loss": 213.00170758482938}, "22": {"train_loss": 164.12493864258852, "val_loss": 205.57463856249578}, "23": {"train_loss": 161.23078023883502, "val_loss": 202.06085095862403}, "24": {"train_loss": 156.53812495844662, "val_loss": 191.63778574004226}, "25": {"train_loss": 155.56421279968305, "val_loss": 198.19236625539384}, "26": {"train_loss": 155.5372920363832, "val_loss": 214.1894763532983}, "27": {"train_loss": 156.59043161250978, "val_loss": 202.66760528687448}, "28": {"train_loss": 152.17359671374368, "val_loss": 221.77389066397004}, "29": {"train_loss": 153.92216309325408, "val_loss": 200.30942059842735}, "30": {"train_loss": 150.94784951012252, "val_loss": 204.1609071214265}, "31": {"train_loss": 151.22047219727966, "val_loss": 220.87872802958054}, "32": {"train_loss": 150.79412520197275, "val_loss": 224.76406964102776}, "33": {"train_loss": 152.53927655973092, "val_loss": 205.66787965083248}, "34": {"train_loss": 148.1567523085757, "val_loss": 284.762271014497}, "35": {"train_loss": 147.1903117076398, "val_loss": 245.42228802115324}, "36": {"train_loss": 146.59874066809363, "val_loss": 242.85782788430512}, "37": {"train_loss": 146.40324238958954, "val_loss": 513.5802011821061}, "38": {"train_loss": 146.6449729635301, "val_loss": 208.83677683842942}, "39": {"train_loss": 144.57609329272927, "val_loss": 202.81350766591126}, "40": {"train_loss": 142.36137607064276, "val_loss": 213.18121815365424}, "41": {"train_loss": 141.3427556374345, "val_loss": 207.46335759876186}, "42": {"train_loss": 142.30537357023152, "val_loss": 212.42306914998002}, "43": {"train_loss": 149.0550527916422, "val_loss": 201.7244552112612}, "44": {"train_loss": 149.0151036603531, "val_loss": 358.9039136105275}, "45": {"train_loss": 149.89236099534966, "val_loss": 1524.8549877684952}, "46": {"train_loss": 146.73692674038952, "val_loss": 364.7528582307735}, "47": {"train_loss": 146.40897576175684, "val_loss": 211.4484778132774}, "48": {"train_loss": 141.57519451390115, "val_loss": 237.4305823084764}, "49": {"train_loss": 139.65333960247895, "val_loss": 196.094358043636}, "50": {"train_loss": 139.4313573944411, "val_loss": 204.43567829190917}, "51": {"train_loss": 142.67089873719073, "val_loss": 3543.052044204832}, "52": {"train_loss": 136.82992384579543, "val_loss": 238.230031392827}, "53": {"train_loss": 141.13628583152544, "val_loss": 227.62702642156228}, "54": {"train_loss": 140.90075690365188, "val_loss": 434.8031282989569}, "55": {"train_loss": 136.6340719405975, "val_loss": 186.40971586905772}, "56": {"train_loss": 136.38181231196913, "val_loss": 468.1440266760706}, "57": {"train_loss": 143.78004399316413, "val_loss": 330.4469697200305}, "58": {"train_loss": 141.91988239542485, "val_loss": 2327.272566294662}, "59": {"train_loss": 140.3624461148396, "val_loss": 624.5381505806341}, "60": {"train_loss": 137.24466772937467, "val_loss": 528.5252586499118}, "61": {"train_loss": 143.22277492023676, "val_loss": 2960.2509378223126}, "62": {"train_loss": 164.56752256955093, "val_loss": 7860.529525442099}, "63": {"train_loss": 156.03267397746242, "val_loss": 1756.4676212654401}, "64": {"train_loss": 149.78567778453743, "val_loss": 8205.270202350803}, "65": {"train_loss": 150.01011880273836, "val_loss": 30194.851759964036}, "66": {"train_loss": 173.74231483524957, "val_loss": 1278.5750680260921}, "67": {"train_loss": 163.94146893952885, "val_loss": 1690.91255657289}, "68": {"train_loss": 159.78622185766443, "val_loss": 206.55271444217001}, "69": {"train_loss": 155.21520212649008, "val_loss": 210.9393675212471}, "70": {"train_loss": 152.9331963064467, "val_loss": 263.3851989309736}, "71": {"train_loss": 150.88914552864523, "val_loss": 194.04355936336793}, "72": {"train_loss": 146.92045948414025, "val_loss": 181.8661183329679}, "73": {"train_loss": 145.89400443949836, "val_loss": 205.86043538178583}, "74": {"train_loss": 143.1733466091265, "val_loss": 181.8823263879751}, "75": {"train_loss": 142.96800800876582, "val_loss": 197.147193414512}, "76": {"train_loss": 143.00789416854505, "val_loss": 222.64318921871856}, "77": {"train_loss": 140.35106732707442, "val_loss": 198.44070148520547}, "78": {"train_loss": 140.4814146567318, "val_loss": 227.06483753175806}, "79": {"train_loss": 137.92505865371413, "val_loss": 199.431379245805}, "80": {"train_loss": 135.8561867784384, "val_loss": 248.56288814486973}, "81": {"train_loss": 138.5437520470596, "val_loss": 208.21753476644156}, "82": {"train_loss": 137.02710523213352, "val_loss": 289.6770847774975}, "83": {"train_loss": 136.38417905439155, "val_loss": 1243.5939558489843}, "84": {"train_loss": 132.85889019203447, "val_loss": 270.3594125505229}, "85": {"train_loss": 137.14071088535326, "val_loss": 2994.6315498000226}, "86": {"train_loss": 135.13032945871925, "val_loss": 187.68893457889584}, "87": {"train_loss": 144.11337949237898, "val_loss": 203.35161259739712}, "88": {"train_loss": 140.1326850814718, "val_loss": 208.18646327360355}, "89": {"train_loss": 139.5460528872146, "val_loss": 218.30224575513282}, "90": {"train_loss": 138.38884338695493, "val_loss": 210.26599807900544}, "91": {"train_loss": 138.22534392770706, "val_loss": 192.11781833886704}, "92": {"train_loss": 133.04723551726127, "val_loss": 237.42301087171447}, "93": {"train_loss": 134.64944165417003, "val_loss": 205.17439557088846}, "94": {"train_loss": 133.14691206185344, "val_loss": 195.38737256011683}, "95": {"train_loss": 131.98048438073826, "val_loss": 195.52982823448897}, "96": {"train_loss": 136.34136597312136, "val_loss": 205.8842161470026}, "9": {"train_loss": 165.14986498764424, "val_loss": 233.86882857146}}