{"1": {"train_loss": 272.2219984238385, "val_loss": 252.85012777328404}, "2": {"train_loss": 235.5182320416399, "val_loss": 240.24825360854115}, "3": {"train_loss": 209.9804303430414, "val_loss": 229.28719588941797}, "4": {"train_loss": 193.6441958704166, "val_loss": 223.112028677129}, "5": {"train_loss": 182.4402311542745, "val_loss": 227.4507809315777}, "6": {"train_loss": 173.9996119670684, "val_loss": 220.61043988400036}, "7": {"train_loss": 168.05323838547997, "val_loss": 219.20007980365676}, "8": {"train_loss": 163.55808023385836, "val_loss": 217.8866693117006}, "9": {"train_loss": 160.0242044495543, "val_loss": 215.05370961757276}, "10": {"train_loss": 156.3445178204292, "val_loss": 220.30709585282227}}