{"1": {"train_loss": 0.1830894394161261, "val_loss": 0.12272213630797699}, "2": {"train_loss": 0.13677550613315148, "val_loss": 0.11886067043723447}, "3": {"train_loss": 0.12934980553304967, "val_loss": 0.11917764610845823}, "4": {"train_loss": 0.12781599136998423, "val_loss": 0.1130853683083939}, "5": {"train_loss": 0.12545433772862788, "val_loss": 0.11388820422150912}, "6": {"train_loss": 0.12403291638265754, "val_loss": 0.12349574535836676}, "7": {"train_loss": 0.11983566712802964, "val_loss": 0.13492734087286676}, "8": {"train_loss": 0.11749233128822426, "val_loss": 0.12179794623801053}, "9": {"train_loss": 0.1152681271610818, "val_loss": 0.12239250431088843}, "10": {"train_loss": 0.11322930588095402, "val_loss": 0.10674823106406216}, "11": {"train_loss": 0.11153800109184407, "val_loss": 0.10620409790857069}}