{"1": {"train_loss": 319.9896115152155, "val_loss": 233.0982082451052}, "2": {"train_loss": 236.75743656514751, "val_loss": 254.98845079744464}, "3": {"train_loss": 225.476489729635, "val_loss": 218.63284335105703}, "4": {"train_loss": 216.47315024618717, "val_loss": 203.92453002178553}, "5": {"train_loss": 210.89004699334671, "val_loss": 197.21393701324928}, "6": {"train_loss": 206.48339294589462, "val_loss": 188.05799774939055}, "7": {"train_loss": 204.4320154503164, "val_loss": 195.39161190643125}, "8": {"train_loss": 202.1331070234006, "val_loss": 215.76123991928566}, "9": {"train_loss": 196.67779552620033, "val_loss": 214.57689535253832}, "10": {"train_loss": 189.58428341919446, "val_loss": 213.7402735745323}, "11": {"train_loss": 185.079042115892, "val_loss": 201.52960089496514}, "12": {"train_loss": 182.2815203587007, "val_loss": 181.10291221166355}, "13": {"train_loss": 178.83528517576005, "val_loss": 192.8726663905811}, "14": {"train_loss": 177.46750925259983, "val_loss": 179.02195095210533}, "15": {"train_loss": 175.33412928504939, "val_loss": 177.14872487862175}, "16": {"train_loss": 175.2566966129668, "val_loss": 173.94612013701985}, "17": {"train_loss": 170.10220201091525, "val_loss": 180.23235937394654}, "18": {"train_loss": 170.24349143528661, "val_loss": 177.07941654374025}, "19": {"train_loss": 168.73622133572354, "val_loss": 177.11893633290487}, "20": {"train_loss": 166.68279932288692, "val_loss": 178.80453312345404}, "21": {"train_loss": 163.95735435765755, "val_loss": 182.05350730116515}, "22": {"train_loss": 166.48312161980738, "val_loss": 193.22526750595475}, "23": {"train_loss": 163.16006552764634, "val_loss": 189.53467689438608}, "24": {"train_loss": 159.11331521085145, "val_loss": 183.11790461507047}, "25": {"train_loss": 160.97678803262173, "val_loss": 182.56548669329726}, "26": {"train_loss": 158.6164451090203, "val_loss": 191.21284175059398}, "27": {"train_loss": 158.6530964890831, "val_loss": 179.76214138927955}, "28": {"train_loss": 158.19108915604247, "val_loss": 194.59212594170066}, "29": {"train_loss": 154.93889589203994, "val_loss": 192.5568351963677}, "30": {"train_loss": 151.7871347396195, "val_loss": 202.37877948921482}}