{
    "1": {
        "train_loss": 0.22406391067358203,
        "val_loss": 0.17956559406587527
    },
    "2": {
        "train_loss": 0.1856108117800723,
        "val_loss": 0.17355394648263187
    },
    "3": {
        "train_loss": 0.18442766249703696,
        "val_loss": 0.17514438535575394
    },
    "4": {
        "train_loss": 0.18148380144173734,
        "val_loss": 0.171195061999499
    },
    "5": {
        "train_loss": 0.1788107972001995,
        "val_loss": 0.17609592784771547
    },
    "6": {
        "train_loss": 0.1783193272434972,
        "val_loss": 0.1718795994693713
    },
    "7": {
        "train_loss": 0.17721550830725127,
        "val_loss": 0.17150562596285776
    },
    "8": {
        "train_loss": 0.1767137894446119,
        "val_loss": 0.1702200061772326
    },
    "9": {
        "train_loss": 0.17568448635339265,
        "val_loss": 0.17074480058353775
    },
    "10": {
        "train_loss": 0.17559423038276803,
        "val_loss": 0.16792062222329898
    },
    "11": {
        "train_loss": 0.17399774353595604,
        "val_loss": 0.16935260381991132
    },
    "12": {
        "train_loss": 0.1733077965576345,
        "val_loss": 0.16950610833234836
    },
    "13": {
        "train_loss": 0.17202328043887988,
        "val_loss": 0.16792621992759896
    },
    "14": {
        "train_loss": 0.17135994027783374,
        "val_loss": 0.16734411506801086
    },
    "15": {
        "train_loss": 0.17151574344910692,
        "val_loss": 0.16932093155431735
    },
    "16": {
        "train_loss": 0.1710118947076381,
        "val_loss": 0.18919395265827244
    },
    "17": {
        "train_loss": 0.1704417086166126,
        "val_loss": 0.16877238160497673
    },
    "18": {
        "train_loss": 0.1696663086280175,
        "val_loss": 0.1732378886453338
    },
    "19": {
        "train_loss": 0.16998781361204499,
        "val_loss": 0.16769096663150584
    },
    "20": {
        "train_loss": 0.16913232406503625,
        "val_loss": 0.1700831404140546
    },
    "21": {
        "train_loss": 0.1692706836150098,
        "val_loss": 0.17702053506642268
    },
    "22": {
        "train_loss": 0.16976339884109168,
        "val_loss": 0.16897028943657083
    },
    "23": {
        "train_loss": 0.17052151880630428,
        "val_loss": 0.1693278938656461
    },
    "24": {
        "train_loss": 0.16919122925427385,
        "val_loss": 0.17113585870525874
    },
    "25": {
        "train_loss": 0.16795068458684256,
        "val_loss": 0.16755918045272633
    },
    "26": {
        "train_loss": 0.1688613043047409,
        "val_loss": 0.18514422419735452
    },
    "27": {
        "train_loss": 0.16875759622687794,
        "val_loss": 0.16908213835743038
    },
    "28": {
        "train_loss": 0.16945591580095448,
        "val_loss": 0.16842981438446314
    },
    "29": {
        "train_loss": 0.1705082515231016,
        "val_loss": 0.17304062691900493
    },
    "30": {
        "train_loss": 0.1688725340915981,
        "val_loss": 0.17750611447513484
    },
    "31": {
        "train_loss": 0.16732620644981414,
        "val_loss": 0.16633098310009928
    },
    "32": {
        "train_loss": 0.16897981659292216,
        "val_loss": 0.1681289112526725
    },
    "33": {
        "train_loss": 0.16795152085013307,
        "val_loss": 0.23603217970597323
    },
    "34": {
        "train_loss": 0.16902886610479215,
        "val_loss": 0.16687912697787438
    },
    "35": {
        "train_loss": 0.16882761384800468,
        "val_loss": 0.18096615115821693
    },
    "36": {
        "train_loss": 0.16843585270483594,
        "val_loss": 0.18209277848539965
    },
    "37": {
        "train_loss": 0.16793734296326535,
        "val_loss": 0.22164913713032483
    },
    "38": {
        "train_loss": 0.167959004318022,
        "val_loss": 0.1708300455375717
    },
    "39": {
        "train_loss": 0.16786254554560046,
        "val_loss": 0.19468100420115556
    },
    "40": {
        "train_loss": 0.1679933959198493,
        "val_loss": 0.17416553458955647
    },
    "41": {
        "train_loss": 0.1679410648289691,
        "val_loss": 0.19751694551668572
    },
    "42": {
        "train_loss": 0.16782379510095866,
        "val_loss": 0.17912726255176672
    },
    "43": {
        "train_loss": 0.1685619924928721,
        "val_loss": 0.19641850997397023
    },
    "44": {
        "train_loss": 0.1680571599762773,
        "val_loss": 0.16964528180638822
    },
    "45": {
        "train_loss": 0.16777131153593883,
        "val_loss": 0.16919874467078497
    },
    "46": {
        "train_loss": 0.16899187167289684,
        "val_loss": 0.1705415593736406
    },
    "47": {
        "train_loss": 0.1683954720393044,
        "val_loss": 0.19916858997550982
    },
    "48": {
        "train_loss": 0.16841882553939042,
        "val_loss": 0.16802481899566588
    },
    "49": {
        "train_loss": 0.16613656184779205,
        "val_loss": 0.16916124610189184
    },
    "50": {
        "train_loss": 0.16637651492541647,
        "val_loss": 0.16813568690947958
    },
    "51": {
        "train_loss": 0.16661096116126267,
        "val_loss": 0.17968696454896915
    },
    "52": {
        "train_loss": 0.16757933940031008,
        "val_loss": 0.16771633059060745
    },
    "53": {
        "train_loss": 0.16770273247798514,
        "val_loss": 0.20796208928744384
    },
    "54": {
        "train_loss": 0.16829443785686118,
        "val_loss": 0.16839984607887606
    },
    "55": {
        "train_loss": 0.1656822258472557,
        "val_loss": 0.17057214209116656
    },
    "56": {
        "train_loss": 0.16675417015282454,
        "val_loss": 0.1719826718871232
    },
    "57": {
        "train_loss": 0.16753059245048954,
        "val_loss": 0.18019603537318915
    },
    "58": {
        "train_loss": 0.1671613037443125,
        "val_loss": 0.16821505926415914
    },
    "59": {
        "train_loss": 0.16708717962386185,
        "val_loss": 0.20208095666320355
    },
    "60": {
        "train_loss": 0.1670090734262551,
        "val_loss": 0.17093860928614676
    }
}