{"1": {"train_loss": 0.1830894394161261, "val_loss": 0.12272213630797699}, "2": {"train_loss": 0.13677550613315148, "val_loss": 0.11886067043723447}, "3": {"train_loss": 0.12934980553304967, "val_loss": 0.11917764610845823}, "4": {"train_loss": 0.12781599136998423, "val_loss": 0.1130853683083939}, "5": {"train_loss": 0.12545433772862788, "val_loss": 0.11388820422150912}, "6": {"train_loss": 0.12403291638265754, "val_loss": 0.12349574535836676}, "7": {"train_loss": 0.11983566712802964, "val_loss": 0.13492734087286676}, "8": {"train_loss": 0.11749233128822426, "val_loss": 0.12179794623801053}, "9": {"train_loss": 0.1152681271610818, "val_loss": 0.12239250431088843}, "10": {"train_loss": 0.11322930588095402, "val_loss": 0.10674823106406216}, "11": {"train_loss": 0.11153800109184407, "val_loss": 0.10620409790857069}, "12": {"train_loss": 0.10847627092532544, "val_loss": 0.10538651093164324}, "13": {"train_loss": 0.10778330991928362, "val_loss": 0.1158648666926183}, "14": {"train_loss": 0.10648266356682146, "val_loss": 0.10493881680995103}, "15": {"train_loss": 0.10542542062923022, "val_loss": 0.11385764639320838}, "16": {"train_loss": 0.10545590978311042, "val_loss": 0.13905437287120578}, "17": {"train_loss": 0.10348285407198259, "val_loss": 0.10313487584745236}, "18": {"train_loss": 0.10298623960558027, "val_loss": 0.1102915969324846}, "19": {"train_loss": 0.10380036838995478, "val_loss": 0.10746242899442822}, "20": {"train_loss": 0.10386148941084777, "val_loss": 0.10821257764689915}, "21": {"train_loss": 0.10477619700622091, "val_loss": 0.12246279661391939}, "22": {"train_loss": 0.10586435613922239, "val_loss": 0.13651889830581165}, "23": {"train_loss": 0.10622297259269166, "val_loss": 0.10914725927338452}, "24": {"train_loss": 0.10425714504080386, "val_loss": 0.10830581562556295}, "25": {"train_loss": 0.10282526134111088, "val_loss": 0.25014254611523745}, "26": {"train_loss": 0.10337443158264846, "val_loss": 0.19994969641709617}, "27": {"train_loss": 0.10357241859391939, "val_loss": 0.116363059319689}, "28": {"train_loss": 0.10245832260813813, "val_loss": 0.10954855768231678}, "29": {"train_loss": 0.10583032517742716, "val_loss": 0.11548953964357965}, "30": {"train_loss": 0.10489416043850901, "val_loss": 0.10705622733520363}, "31": {"train_loss": 0.10412099100064004, "val_loss": 0.12027094169991497}, "32": {"train_loss": 0.10565666293976966, "val_loss": 0.1082069378922218}, "33": {"train_loss": 0.10594060685557437, "val_loss": 0.1247620214771681}, "34": {"train_loss": 0.10448735950672075, "val_loss": 0.10911336701820148}, "35": {"train_loss": 0.1027670993454109, "val_loss": 0.11694852507820731}, "36": {"train_loss": 0.10371861958390095, "val_loss": 0.11554067987806582}, "37": {"train_loss": 0.10211103043411084, "val_loss": 0.1193788496358711}, "38": {"train_loss": 0.1012290468581991, "val_loss": 0.11305632335963509}, "39": {"train_loss": 0.10201421785496372, "val_loss": 0.10511489660030089}, "40": {"train_loss": 0.10317097945124538, "val_loss": 0.11717023107449927}, "41": {"train_loss": 0.10234672686220034, "val_loss": 0.11108335084476796}, "42": {"train_loss": 0.10113949147526763, "val_loss": 0.1138339269077298}, "43": {"train_loss": 0.10145765248247067, "val_loss": 0.11729759700638928}, "44": {"train_loss": 0.10163029132619483, "val_loss": 0.11159289747945587}, "45": {"train_loss": 0.10157045500977714, "val_loss": 0.11989494108791786}, "46": {"train_loss": 0.10142986116051356, "val_loss": 0.11118781110802245}, "47": {"train_loss": 0.10237959941975022, "val_loss": 0.10621224168374832}, "48": {"train_loss": 0.10165762415896927, "val_loss": 0.10893213748142276}, "49": {"train_loss": 0.1026120309200678, "val_loss": 0.11662231571903106}, "50": {"train_loss": 0.1017803274022318, "val_loss": 0.10926504286007586}, "51": {"train_loss": 0.10056634708560676, "val_loss": 0.10948422651709032}, "52": {"train_loss": 0.09959939400543295, "val_loss": 0.10582569327040606}, "53": {"train_loss": 0.09993742613547361, "val_loss": 0.11415978366016773}, "54": {"train_loss": 0.10056186238385717, "val_loss": 0.12309558400675358}, "55": {"train_loss": 0.10112369988431348, "val_loss": 0.12348010188425265}, "56": {"train_loss": 0.10006500684259155, "val_loss": 0.10767485850889147}, "57": {"train_loss": 0.10006016212620183, "val_loss": 0.11239226908597655}, "58": {"train_loss": 0.09987422068472879, "val_loss": 0.10817991778046841}, "59": {"train_loss": 0.10176719602830588, "val_loss": 0.10390958242538359}, "60": {"train_loss": 0.09909052767746523, "val_loss": 0.10312826834918236}}