{"1": {"train_loss": 292.81251983347744, "val_loss": 268.96183748106125}, "2": {"train_loss": 254.6921277628617, "val_loss": 264.33787711858247}, "3": {"train_loss": 227.5732545338753, "val_loss": 255.31621287788295}, "4": {"train_loss": 215.28360768501642, "val_loss": 488.57589742645354}, "5": {"train_loss": 209.43498762979095, "val_loss": 526.483405178637}, "6": {"train_loss": 190.73184655053444, "val_loss": 278.9684767662012}, "7": {"train_loss": 179.68520681787675, "val_loss": 232.67464133359874}, "8": {"train_loss": 169.9912215862865, "val_loss": 819.3959125832757}, "9": {"train_loss": 163.18586226535515, "val_loss": 282.7934640911261}, "10": {"train_loss": 157.2591594434191, "val_loss": 465.4710372045768}, "11": {"train_loss": 159.41650973646082, "val_loss": 287.55646747443126}, "12": {"train_loss": 155.89287647199436, "val_loss": 238.6205495217942}, "13": {"train_loss": 151.2549328231863, "val_loss": 228.90488797553297}, "14": {"train_loss": 150.72486821282544, "val_loss": 226.7942366061608}, "15": {"train_loss": 142.4629102936459, "val_loss": 226.68660011760548}, "16": {"train_loss": 142.8106474261801, "val_loss": 226.03825152390328}, "17": {"train_loss": 138.04972090392158, "val_loss": 224.94073006222763}}