{"1": {"train_loss": 292.5905446880155, "val_loss": 271.58118258254166}}