{"1": {"train_loss": 8.517194758170449, "val_loss": 8.147338419678867, "error_rate": 0.37478340732400867, "f1_score": 0.18110743444702693}, "2": {"train_loss": 7.690613158666026, "val_loss": 7.906279757142149, "error_rate": 0.34958165289696636, "f1_score": 0.1975523358349865}, "3": {"train_loss": 7.246250261007659, "val_loss": 7.903700620889005, "error_rate": 0.4712134662057854, "f1_score": 0.27904879846376046}, "4": {"train_loss": 6.962007153670774, "val_loss": 7.692776890356345, "error_rate": 0.47394526101459794, "f1_score": 0.3148741015433814}, "5": {"train_loss": 6.757191857138901, "val_loss": 7.566787896340003, "error_rate": 0.46367878402499535, "f1_score": 0.32096036298465236}, "6": {"train_loss": 6.621511451519927, "val_loss": 7.482742491197928, "error_rate": 0.4714502932649304, "f1_score": 0.33900267184730426}, "7": {"train_loss": 6.512421189305903, "val_loss": 7.752142599799056, "error_rate": 0.5053298491112755, "f1_score": 0.3231058614267951}, "8": {"train_loss": 6.438214183128337, "val_loss": 7.846717116143507, "error_rate": 0.5116981281546196, "f1_score": 0.34366602016763603}, "9": {"train_loss": 6.362078975269144, "val_loss": 7.554795633170349, "error_rate": 0.48919163358060813, "f1_score": 0.3407095733028101}, "10": {"train_loss": 6.328264805188253, "val_loss": 7.717658322312998, "error_rate": 0.48639523410372504, "f1_score": 0.331381395085455}, "11": {"train_loss": 6.2822454052280765, "val_loss": 7.375813437912994, "error_rate": 0.4788331688261324, "f1_score": 0.3672436278168089}, "12": {"train_loss": 6.264094820835894, "val_loss": 7.559226213254405, "error_rate": 0.49458071756939287, "f1_score": 0.361169304830711}, "13": {"train_loss": 6.226022273104736, "val_loss": 7.370349909506027, "error_rate": 0.46451216020491903, "f1_score": 0.3616625252824358}, "14": {"train_loss": 6.212617748407525, "val_loss": 7.4121440807524035, "error_rate": 0.48448444514739325, "f1_score": 0.37276113270352423}, "15": {"train_loss": 6.20508250383716, "val_loss": 7.480793323310953, "error_rate": 0.482536193476918, "f1_score": 0.36165827655708466}, "16": {"train_loss": 6.17549444383075, "val_loss": 7.203667720227074, "error_rate": 0.46889810668535126, "f1_score": 0.38067346560589294}, "17": {"train_loss": 6.150903779250311, "val_loss": 7.568933896130167, "error_rate": 0.4972219522485708, "f1_score": 0.3554031028125282}, "18": {"train_loss": 6.168439617480366, "val_loss": 7.4710739538210715, "error_rate": 0.48071110224775904, "f1_score": 0.35321805452309357}, "19": {"train_loss": 6.143643570011242, "val_loss": 7.473826085518943, "error_rate": 0.4769994846672197, "f1_score": 0.3544051030746122}, "20": {"train_loss": 6.137395027980298, "val_loss": 7.3012903420714075, "error_rate": 0.4760832702618922, "f1_score": 0.371260402286883}, "21": {"train_loss": 6.10186940284117, "val_loss": 7.6853398358508604, "error_rate": 0.49530819476447885, "f1_score": 0.36913613223642805}, "22": {"train_loss": 6.102899470156002, "val_loss": 7.254576850162561, "error_rate": 0.4716233168017859, "f1_score": 0.3833092893636945}, "23": {"train_loss": 6.06571788095676, "val_loss": 7.35416150153676, "error_rate": 0.4786936399438933, "f1_score": 0.39383428094350437}, "24": {"train_loss": 6.04215428283952, "val_loss": 7.473198523485707, "error_rate": 249977776830.54358, "f1_score": NaN}, "25": {"train_loss": 6.021597635458438, "val_loss": 7.372206346345475, "error_rate": 0.4797759474781044, "f1_score": 0.3813543946028447}, "26": {"train_loss": 6.010395093149967, "val_loss": 7.2675719879767975, "error_rate": 0.4526724130456673, "f1_score": 0.38220603053693786}, "27": {"train_loss": 6.01103034992946, "val_loss": 7.23764779048326, "error_rate": 249977776830.5362, "f1_score": NaN}, "28": {"train_loss": 5.999404822092494, "val_loss": 7.269212985105266, "error_rate": 0.47216941626755404, "f1_score": 0.394197617491843}, "29": {"train_loss": 5.981229513772671, "val_loss": 7.468117982717951, "error_rate": 249977776830.54852, "f1_score": NaN}, "30": {"train_loss": 5.975777703746564, "val_loss": 7.1794534864480015, "error_rate": 249977776830.5311, "f1_score": NaN}, "31": {"train_loss": 5.973302303929625, "val_loss": 7.235251739470772, "error_rate": 249977776830.52652, "f1_score": NaN}, "32": {"train_loss": 5.970762371210398, "val_loss": 7.290911732010133, "error_rate": 249977776830.53845, "f1_score": NaN}, "33": {"train_loss": 5.956388854179929, "val_loss": 7.527171980467945, "error_rate": 249977776830.55295, "f1_score": NaN}, "34": {"train_loss": 5.939487973271629, "val_loss": 7.20223579567273, "error_rate": 249977776830.5358, "f1_score": NaN}, "35": {"train_loss": 5.939394969431302, "val_loss": 7.287082727890202, "error_rate": 249977776830.52466, "f1_score": NaN}, "36": {"train_loss": 5.929793426506521, "val_loss": 7.327607816129087, "error_rate": 249977776830.5366, "f1_score": NaN}, "37": {"train_loss": 5.922511379678635, "val_loss": 7.3939936711838765, "error_rate": 249977776830.53903, "f1_score": NaN}, "38": {"train_loss": 5.9496391057304, "val_loss": 7.276618806921776, "error_rate": 249977776830.54147, "f1_score": NaN}, "39": {"train_loss": 5.913562859035839, "val_loss": 7.166501352881647, "error_rate": 249977776830.53174, "f1_score": NaN}, "40": {"train_loss": 5.939151549738976, "val_loss": 7.150078658379217, "error_rate": 0.4587036484528743, "f1_score": 0.3985875177706509}, "41": {"train_loss": 5.917755997438318, "val_loss": 6.9981002664313, "error_rate": 249977776830.52008, "f1_score": NaN}, "42": {"train_loss": 5.917889767614298, "val_loss": 7.286688090352775, "error_rate": 249977776830.53592, "f1_score": NaN}, "43": {"train_loss": 5.935913649901808, "val_loss": 7.0892119364135056, "error_rate": 249977776830.53375, "f1_score": NaN}, "44": {"train_loss": 5.907655357725985, "val_loss": 7.483432778450835, "error_rate": 249977776830.5505, "f1_score": NaN}, "45": {"train_loss": 5.890356619475747, "val_loss": 7.292913599301497, "error_rate": 249977776830.54312, "f1_score": NaN}, "46": {"train_loss": 5.872553533154447, "val_loss": 7.286688469631666, "error_rate": 249977776830.5414, "f1_score": NaN}, "47": {"train_loss": 5.893045306183702, "val_loss": 7.235948010854396, "error_rate": 249977776830.5328, "f1_score": NaN}, "48": {"train_loss": 5.892072703361801, "val_loss": 7.516216426725889, "error_rate": 249977776830.55145, "f1_score": NaN}, "49": {"train_loss": 5.889211806469507, "val_loss": 7.279784952856618, "error_rate": 249977776830.53287, "f1_score": NaN}, "50": {"train_loss": 5.898875785238617, "val_loss": 7.129616910919317, "error_rate": 249977776830.5276, "f1_score": NaN}}