{"1": {"train_loss": 8.524964527370114, "val_loss": 7.892747104632822, "error_rate": 0.6976598703687292, "f1_score": 0.17114294385705855}, "2": {"train_loss": 7.681058916919661, "val_loss": 7.803528925945887, "error_rate": 0.636490011531396, "f1_score": 0.2547624649643789}, "3": {"train_loss": 7.228103551552801, "val_loss": 7.790228403524493, "error_rate": 0.6013760100271844, "f1_score": 0.2983397485933742}, "4": {"train_loss": 6.938097757739167, "val_loss": 7.589923196399914, "error_rate": 0.5885186811689643, "f1_score": 0.3214577604776959}, "5": {"train_loss": 6.734920457388184, "val_loss": 7.569180147032055, "error_rate": 0.5733949727417952, "f1_score": 0.3479225345444518}, "6": {"train_loss": 6.59564149266906, "val_loss": 7.682915115739728, "error_rate": 0.5805836326567495, "f1_score": 0.31803215439050936}, "7": {"train_loss": 6.508505060720886, "val_loss": 7.508503640496138, "error_rate": 0.5660584590087614, "f1_score": 0.35598240100858136}, "8": {"train_loss": 6.430401208877375, "val_loss": 7.541435744089193, "error_rate": 0.5681139324049458, "f1_score": 0.3586005142466611}, "9": {"train_loss": 6.3851077738837585, "val_loss": 7.365755846128283, "error_rate": 0.5481412386036788, "f1_score": 0.3627761051918869}, "10": {"train_loss": 6.336320706103199, "val_loss": 7.4214555679800425, "error_rate": 0.5472538197765695, "f1_score": 0.36783971583774483}, "11": {"train_loss": 6.27967030037828, "val_loss": 7.61383504544541, "error_rate": 0.5503438605603106, "f1_score": 0.37729793593639577}, "12": {"train_loss": 6.23400364125829, "val_loss": 7.489225707060239, "error_rate": 0.5380570803528578, "f1_score": 0.3789929172266492}, "13": {"train_loss": 6.19709674492881, "val_loss": 7.3907032427234, "error_rate": 249977776830.60168, "f1_score": NaN}, "14": {"train_loss": 6.156721449346401, "val_loss": 7.526316094146999, "error_rate": 0.5439202610784571, "f1_score": 0.3824569177810491}, "15": {"train_loss": 6.140677869494973, "val_loss": 7.543298927656081, "error_rate": 0.5355853870066317, "f1_score": 0.3827855970195145}, "16": {"train_loss": 6.107882436608636, "val_loss": 7.188213384983028, "error_rate": 249977776830.58658, "f1_score": NaN}, "17": {"train_loss": 6.103456863330689, "val_loss": 7.222280745320787, "error_rate": 0.5239106171202066, "f1_score": 0.395069254611856}, "18": {"train_loss": 6.064578566021199, "val_loss": 7.282630176327854, "error_rate": 0.5281558285872262, "f1_score": 0.388948234838996}, "19": {"train_loss": 6.0683778247998434, "val_loss": 7.117536790930468, "error_rate": 249977776830.5897, "f1_score": NaN}, "20": {"train_loss": 6.023724354642338, "val_loss": 7.307690864501029, "error_rate": 249977776830.5922, "f1_score": NaN}, "21": {"train_loss": 6.044671250486189, "val_loss": 7.355170574780542, "error_rate": 249977776830.5938, "f1_score": NaN}, "22": {"train_loss": 6.014730143302446, "val_loss": 7.60960666400232, "error_rate": 0.5442986577076946, "f1_score": 0.37977319794375697}, "23": {"train_loss": 6.000763326468083, "val_loss": 7.451352006636188, "error_rate": 249977776830.59952, "f1_score": NaN}, "24": {"train_loss": 5.981876556389869, "val_loss": 7.195014639929323, "error_rate": 0.5195487587197817, "f1_score": 0.4013629669205036}, "25": {"train_loss": 5.981878573684786, "val_loss": 7.347915695465371, "error_rate": 249977776830.59265, "f1_score": NaN}, "26": {"train_loss": 5.969306244268894, "val_loss": 7.392940800544919, "error_rate": 249977776830.59625, "f1_score": NaN}, "27": {"train_loss": 5.991841540146155, "val_loss": 7.4491584575545495, "error_rate": 0.5341674958042116, "f1_score": 0.38623246051102206}, "28": {"train_loss": 5.98387957233045, "val_loss": 7.334493903077955, "error_rate": 249977776830.59003, "f1_score": NaN}, "29": {"train_loss": 5.984491520816172, "val_loss": 7.21522100611069, "error_rate": 249977776830.59308, "f1_score": NaN}, "30": {"train_loss": 5.943881065241222, "val_loss": 7.254690412208536, "error_rate": 249977776830.5949, "f1_score": NaN}, "31": {"train_loss": 5.954598265659226, "val_loss": 7.330128329378253, "error_rate": 249977776830.59048, "f1_score": NaN}, "32": {"train_loss": 5.965293168253307, "val_loss": 7.213832371802474, "error_rate": 0.5225671616850053, "f1_score": 0.40666340028836945}, "33": {"train_loss": 5.938925542470693, "val_loss": 7.478607366804047, "error_rate": 0.5301593984129437, "f1_score": 0.3927710798501117}, "34": {"train_loss": 5.925316815771434, "val_loss": 7.199591582057202, "error_rate": 249977776830.57883, "f1_score": NaN}, "35": {"train_loss": 5.9285077678673295, "val_loss": 7.409194677037425, "error_rate": 0.5345005731431034, "f1_score": 0.38558067667798496}, "36": {"train_loss": 5.935823976583582, "val_loss": 7.204046193476756, "error_rate": 249977776830.58502, "f1_score": NaN}, "37": {"train_loss": 5.920221585056292, "val_loss": 7.2766871746386785, "error_rate": 249977776830.58792, "f1_score": NaN}, "38": {"train_loss": 5.952280976743263, "val_loss": 7.39105220872586, "error_rate": 249977776830.5972, "f1_score": NaN}, "39": {"train_loss": 5.933181907322915, "val_loss": 7.467069259898581, "error_rate": 249977776830.59714, "f1_score": NaN}, "40": {"train_loss": 5.90484246746242, "val_loss": 7.201011029035132, "error_rate": 249977776830.5877, "f1_score": NaN}, "41": {"train_loss": 5.908455610098369, "val_loss": 7.23924622595379, "error_rate": 249977776830.58682, "f1_score": NaN}, "42": {"train_loss": 5.92972891287695, "val_loss": 7.14858800551289, "error_rate": 249977776830.5781, "f1_score": NaN}, "43": {"train_loss": 5.922423390612524, "val_loss": 7.235589936773587, "error_rate": 0.516010643337619, "f1_score": 0.4146687444950517}, "44": {"train_loss": 5.90439349057897, "val_loss": 7.417863369437218, "error_rate": 249977776830.5917, "f1_score": NaN}, "45": {"train_loss": 5.907596508622908, "val_loss": 7.3414669956708725, "error_rate": 249977776830.58148, "f1_score": NaN}, "46": {"train_loss": 5.911853832239162, "val_loss": 7.356088714001976, "error_rate": 249977776830.59863, "f1_score": NaN}, "47": {"train_loss": 5.923392900668866, "val_loss": 7.374142726624238, "error_rate": 249977776830.58997, "f1_score": NaN}, "48": {"train_loss": 5.8784051217355895, "val_loss": 7.265846502957149, "error_rate": 249977776830.58243, "f1_score": NaN}, "49": {"train_loss": 5.90516322762467, "val_loss": 7.284512390892125, "error_rate": 0.5265035189320629, "f1_score": 0.3986021094163206}, "50": {"train_loss": 5.901170904778941, "val_loss": 7.1441415871149125, "error_rate": 249977776830.57523, "f1_score": NaN}}