{"1": {"train_loss": 8.532938961942651, "val_loss": 8.14538304454653, "error_rate": 0.9535531673991788, "f1_score": 0.010709721339732907}, "2": {"train_loss": 7.735984347458107, "val_loss": 7.801309687351426, "error_rate": 0.8545086706789456, "f1_score": 0.012117441010152644}, "3": {"train_loss": 7.23903630690824, "val_loss": 7.751347506624561, "error_rate": 0.7985656010776427, "f1_score": 0.49914339266541813}, "4": {"train_loss": 6.948331370306296, "val_loss": 7.636414930068684, "error_rate": 0.7665257161245751, "f1_score": 0.5276350257537274}, "5": {"train_loss": 6.789465916177871, "val_loss": 7.5279276894749865, "error_rate": 0.7651838802389431, "f1_score": 0.5417620045262064}, "6": {"train_loss": 6.620283013088113, "val_loss": 7.5618412243959945, "error_rate": 0.7356650403322572, "f1_score": 0.5488715866059314}, "7": {"train_loss": 6.529730429739315, "val_loss": 8.006899915263519, "error_rate": 0.7493129489625443, "f1_score": 0.5274075344648855}, "8": {"train_loss": 6.459689973480777, "val_loss": 7.565234822475599, "error_rate": 0.7384412141330593, "f1_score": 0.5583451317112905}, "9": {"train_loss": 6.424486501192682, "val_loss": 7.535275689413408, "error_rate": 0.717299682777453, "f1_score": 0.5647546423448963}, "10": {"train_loss": 6.366504590723093, "val_loss": 7.555738986475442, "error_rate": 0.7078275328072757, "f1_score": 0.5700394094681962}, "11": {"train_loss": 6.320273312572332, "val_loss": 7.320190288509436, "error_rate": 0.7029673139769846, "f1_score": 0.586920018129676}, "12": {"train_loss": 6.264533480471009, "val_loss": 7.601858099305442, "error_rate": 0.7186558803444336, "f1_score": 0.5639710101361121}, "13": {"train_loss": 6.21958560470028, "val_loss": 7.618437071588556, "error_rate": 0.6868203773899078, "f1_score": 0.5775968321027706}, "14": {"train_loss": 6.181805463595413, "val_loss": 7.360105693241886, "error_rate": 0.6626956213846722, "f1_score": 0.5992549078187152}, "15": {"train_loss": 6.141648565750506, "val_loss": 7.250377535683012, "error_rate": 0.6626817621191519, "f1_score": 0.6034789449266145}, "16": {"train_loss": 6.128665600111411, "val_loss": 7.562377292228843, "error_rate": 0.67518310262554, "f1_score": 0.5858110310825791}, "17": {"train_loss": 6.111737417281323, "val_loss": 7.536287009833021, "error_rate": 0.6691550351601053, "f1_score": 0.5897615829677905}, "18": {"train_loss": 6.100377182732879, "val_loss": 7.1050236406598986, "error_rate": 0.6474556506710267, "f1_score": 0.615961135120674}, "19": {"train_loss": 6.069153225158336, "val_loss": 7.324112718911044, "error_rate": 0.6580026433535763, "f1_score": 0.6057285372092014}, "20": {"train_loss": 6.03647577319567, "val_loss": 7.264480437293015, "error_rate": 0.6593801608342894, "f1_score": 0.6051185016393774}, "21": {"train_loss": 6.054976154506304, "val_loss": 7.24753974023538, "error_rate": 0.6571097573595106, "f1_score": 0.6064835393185793}, "22": {"train_loss": 6.022535485188372, "val_loss": 7.1415441305472385, "error_rate": 0.642999714251732, "f1_score": 0.6224799888900268}, "23": {"train_loss": 6.01577183084608, "val_loss": 7.210194894477683, "error_rate": 0.6548544262910735, "f1_score": 0.6122638197221931}, "24": {"train_loss": 6.003803078309903, "val_loss": 7.190166006870432, "error_rate": 0.6514016382367378, "f1_score": 0.6139866724366225}, "25": {"train_loss": 6.018219942531259, "val_loss": 7.457019431298111, "error_rate": 0.6821324254266193, "f1_score": 0.591415987883992}, "26": {"train_loss": 6.003065396395964, "val_loss": 7.536110644233438, "error_rate": 0.6720285490633817, "f1_score": 0.5894426929637675}, "27": {"train_loss": 5.995814374228091, "val_loss": 7.2339327690208926, "error_rate": 0.6503374641985074, "f1_score": 0.6137875308477291}, "28": {"train_loss": 5.976906527611217, "val_loss": 7.374543538444464, "error_rate": 0.660313845819998, "f1_score": 0.5992001490954099}, "29": {"train_loss": 5.98162469250543, "val_loss": 7.141496711925277, "error_rate": 0.6425759383909014, "f1_score": 0.6241030283262516}, "30": {"train_loss": 5.976329222270471, "val_loss": 7.160814079242521, "error_rate": 0.6527282428578909, "f1_score": 0.6150804087540577}, "31": {"train_loss": 5.974632290935158, "val_loss": 7.171820094409556, "error_rate": 0.647614496408502, "f1_score": 0.6150765261746535}, "32": {"train_loss": 5.97064222985347, "val_loss": 7.4537581124411645, "error_rate": 0.665386540467554, "f1_score": 0.5973529351835462}, "33": {"train_loss": 5.972152217167387, "val_loss": 7.148729967637567, "error_rate": 0.6466372054822679, "f1_score": 0.6242322158178991}, "34": {"train_loss": 5.966522567819355, "val_loss": 7.193832061029759, "error_rate": 0.647441693913357, "f1_score": 0.6151667535750339}, "35": {"train_loss": 5.96726140443452, "val_loss": 7.341151447485314, "error_rate": 0.6604217443645001, "f1_score": 0.6057435438753346}, "36": {"train_loss": 5.957846574480925, "val_loss": 7.2542500730875235, "error_rate": 0.6531604105262707, "f1_score": 0.6120821763719211}, "37": {"train_loss": 5.95658189614016, "val_loss": 7.451033686319233, "error_rate": 0.6600358843986085, "f1_score": 0.6013006867165656}, "38": {"train_loss": 5.9224060992128855, "val_loss": 6.972050278511099, "error_rate": 0.6302197360520263, "f1_score": 0.6310703779448993}, "39": {"train_loss": 5.937064663287147, "val_loss": 7.303580561954354, "error_rate": 0.6579665790416643, "f1_score": 0.6066630413685465}, "40": {"train_loss": 5.941896724071804, "val_loss": 7.225741602954179, "error_rate": 0.65042284022323, "f1_score": 0.611789012059047}, "41": {"train_loss": 5.927942026436164, "val_loss": 7.030036727548501, "error_rate": 0.6424789221396734, "f1_score": 0.6210636478869198}, "42": {"train_loss": 5.924914963134408, "val_loss": 7.307159596391534, "error_rate": 0.652146674083702, "f1_score": 0.6087643238998188}, "43": {"train_loss": 5.915950049686143, "val_loss": 7.57718444810535, "error_rate": 0.6678488717722313, "f1_score": 0.5955908788354655}, "44": {"train_loss": 5.932404057991327, "val_loss": 7.548317285983807, "error_rate": 0.6632264786393883, "f1_score": 0.5964222358269019}, "45": {"train_loss": 5.936205369657993, "val_loss": 7.31532946679882, "error_rate": 0.6555270102490998, "f1_score": 0.6083234353807497}, "46": {"train_loss": 5.920476891195674, "val_loss": 7.378921318438237, "error_rate": 0.6581650611541018, "f1_score": 0.6065675836806784}, "47": {"train_loss": 5.922300681191612, "val_loss": 7.489820425953479, "error_rate": 0.6551084142490983, "f1_score": 0.6032536335397806}, "48": {"train_loss": 5.9080895406289375, "val_loss": 7.154043398721968, "error_rate": 0.6429210538645924, "f1_score": 0.6214236544714712}, "49": {"train_loss": 5.9322513088020585, "val_loss": 7.2854860718161625, "error_rate": 0.6563334012002519, "f1_score": 0.6078010474981419}, "50": {"train_loss": 5.919349672197939, "val_loss": 7.257836744614135, "error_rate": 0.6538939801357139, "f1_score": 0.6102239825374294}}