{"1": {"train_loss": 8.523816991439535, "val_loss": 8.130546951949283, "error_rate": 0.9600653920116434, "f1_score": 0.011270113054205702}, "2": {"train_loss": 7.6716206422712245, "val_loss": 7.7603337500122445, "error_rate": 0.8387510266427481, "f1_score": 0.012203316904439876}, "3": {"train_loss": 7.220473214552669, "val_loss": 7.867123711301609, "error_rate": 0.8094190061553179, "f1_score": 0.012506740256816298}, "4": {"train_loss": 6.938802276044507, "val_loss": 7.483022340945081, "error_rate": 0.7606534515924367, "f1_score": 0.539380019175185}, "5": {"train_loss": 6.723081255068889, "val_loss": 7.604250852105052, "error_rate": 0.7467758040476161, "f1_score": 0.543844458493493}, "6": {"train_loss": 6.5659267792903, "val_loss": 7.5066901814902485, "error_rate": 0.7276645728072677, "f1_score": 0.5579798610901795}, "7": {"train_loss": 6.4909801401166005, "val_loss": 7.65460446156832, "error_rate": 0.7164597894874426, "f1_score": 0.5531752357453232}, "8": {"train_loss": 6.3931348867939075, "val_loss": 7.730967527150626, "error_rate": 0.7028736538074479, "f1_score": 0.5618179728761471}, "9": {"train_loss": 6.3065180091950115, "val_loss": 7.451645941458944, "error_rate": 0.6883042800279198, "f1_score": 0.5753712645663815}, "10": {"train_loss": 6.235164538881575, "val_loss": 7.349461037497936, "error_rate": 0.6725144674634204, "f1_score": 0.5888066098169212}, "11": {"train_loss": 6.19067463715407, "val_loss": 7.294684355360549, "error_rate": 0.6696032873394465, "f1_score": 0.5936325354198956}, "12": {"train_loss": 6.173348588449799, "val_loss": 7.167753016086541, "error_rate": 0.6687896649428631, "f1_score": 0.5996337438388739}, "13": {"train_loss": 6.117831058429749, "val_loss": 7.445484915662404, "error_rate": 0.673847284990282, "f1_score": 0.5923641915787345}, "14": {"train_loss": 6.106177594613909, "val_loss": 7.286578211307736, "error_rate": 0.6673957308480093, "f1_score": 0.6015038015051695}, "15": {"train_loss": 6.089018224828895, "val_loss": 7.328370068012477, "error_rate": 0.6583470169965465, "f1_score": 0.6060481839350876}, "16": {"train_loss": 6.046032304195142, "val_loss": 7.338854386215266, "error_rate": 0.660098644728586, "f1_score": 0.6021211310398887}, "17": {"train_loss": 6.0107100667533935, "val_loss": 7.176309314681224, "error_rate": 0.6543018315832265, "f1_score": 0.6128199937845573}, "18": {"train_loss": 6.0112978614925385, "val_loss": 7.369626653926869, "error_rate": 0.6692158731203872, "f1_score": 0.596274978446945}, "19": {"train_loss": 6.038386659715977, "val_loss": 7.32052932817847, "error_rate": 0.6628557416932541, "f1_score": 0.602811436485752}, "20": {"train_loss": 6.011932965756884, "val_loss": 7.459700933907666, "error_rate": 0.6725510152298546, "f1_score": 0.5864531626059558}, "21": {"train_loss": 6.025446602945666, "val_loss": 7.252236638732432, "error_rate": 0.6641697864543401, "f1_score": 0.6003067232753966}, "22": {"train_loss": 5.964736879802689, "val_loss": 7.034398406479072, "error_rate": 0.6469731815111144, "f1_score": 0.6241182507075624}, "23": {"train_loss": 5.9650919912678875, "val_loss": 7.185787858856455, "error_rate": 0.6572759557917811, "f1_score": 0.6071692121315428}, "24": {"train_loss": 5.9650205439336705, "val_loss": 7.140700863749267, "error_rate": 0.6418243449779142, "f1_score": 0.6217967061918529}, "25": {"train_loss": 5.940061278139755, "val_loss": 7.198702650839918, "error_rate": 0.6688516584513903, "f1_score": 0.6052298908760821}, "26": {"train_loss": 5.948387999710868, "val_loss": 7.17692567386576, "error_rate": 0.655357026505745, "f1_score": 0.6141178931289173}, "27": {"train_loss": 5.929809686351688, "val_loss": 7.344566120046777, "error_rate": 0.6570945883726778, "f1_score": 0.604690344114184}, "28": {"train_loss": 5.919087307729338, "val_loss": 7.217058211011029, "error_rate": 0.6521995421814604, "f1_score": 0.6144523203790246}, "29": {"train_loss": 5.932931547972404, "val_loss": 7.308800876044675, "error_rate": 0.6569597982289195, "f1_score": 0.6084266001472911}, "30": {"train_loss": 5.939947488660755, "val_loss": 7.3595613564536055, "error_rate": 0.6549201889155593, "f1_score": 0.6049255359076355}, "31": {"train_loss": 5.92952015132266, "val_loss": 7.048044034827285, "error_rate": 0.6526054501765032, "f1_score": 0.6148753970264866}, "32": {"train_loss": 5.916776712666336, "val_loss": 7.290163499431359, "error_rate": 0.6543080366909048, "f1_score": 0.6092567427045537}, "33": {"train_loss": 5.915652898128748, "val_loss": 7.066458797461505, "error_rate": 0.6397652414060454, "f1_score": 0.625422297539723}, "34": {"train_loss": 5.904249594884112, "val_loss": 7.096688185958831, "error_rate": 0.6463284934561915, "f1_score": 0.6172889438394062}, "35": {"train_loss": 5.893447847120894, "val_loss": 7.244380688015622, "error_rate": 0.6600790668409093, "f1_score": 0.6067290221513928}, "36": {"train_loss": 5.88232089198044, "val_loss": 7.16814057107488, "error_rate": 0.6530423872380213, "f1_score": 0.6153716189736345}, "37": {"train_loss": 5.8828702871196885, "val_loss": 7.391797698974217, "error_rate": 0.6656864590775962, "f1_score": 0.6011190405057552}, "38": {"train_loss": 5.8633239682600085, "val_loss": 7.196458832031438, "error_rate": 0.6512689336881188, "f1_score": 0.6146899737743359}, "39": {"train_loss": 5.908762838976726, "val_loss": 6.983765630815686, "error_rate": 0.6380007313703498, "f1_score": 0.630001092957128}, "40": {"train_loss": 5.881496772032312, "val_loss": 7.427942988184769, "error_rate": 0.6602320529180047, "f1_score": 0.6046638937111211}, "41": {"train_loss": 5.892169405508605, "val_loss": 7.532812306162682, "error_rate": 0.6657861288008408, "f1_score": 0.6007874259948704}, "42": {"train_loss": 5.900993884120507, "val_loss": 7.059863970794438, "error_rate": 0.6339963641905054, "f1_score": 0.6277500637420343}, "43": {"train_loss": 5.880249803362492, "val_loss": 7.171658652507737, "error_rate": 0.6493931276928261, "f1_score": 0.6150169936174528}, "44": {"train_loss": 5.888592320185639, "val_loss": 7.08416271335706, "error_rate": 0.6549902595862914, "f1_score": 0.6123992980763587}, "45": {"train_loss": 5.901877802837779, "val_loss": 7.154020793829414, "error_rate": 0.6520731907029492, "f1_score": 0.611309459152313}, "46": {"train_loss": 5.874441525345478, "val_loss": 7.2402468541390395, "error_rate": 0.6499821700579529, "f1_score": 0.6183688693940839}, "47": {"train_loss": 5.880650487704323, "val_loss": 7.1724147524368425, "error_rate": 0.651288110801773, "f1_score": 0.6223195668017953}, "48": {"train_loss": 5.881747451444981, "val_loss": 7.355237752110647, "error_rate": 0.6626908661095303, "f1_score": 0.6092999400410791}, "49": {"train_loss": 5.86747804346284, "val_loss": 7.067526991441785, "error_rate": 0.6377919412675606, "f1_score": 0.6296413173672889}, "50": {"train_loss": 5.895918041980396, "val_loss": 7.280145938164989, "error_rate": 0.6542535689194588, "f1_score": 0.6131131686289855}}