{"1": {"train_loss": 8.52533315882756, "val_loss": 8.069674130310014, "error_rate": 0.28546436252972424, "f1_score": 0.15965297514502239}, "2": {"train_loss": 7.672628456828634, "val_loss": 7.81155114744688, "error_rate": 0.3911468491877408, "f1_score": 0.21872848347239088}, "3": {"train_loss": 7.213682502565329, "val_loss": 8.23451672162097, "error_rate": 0.48915728888477766, "f1_score": 0.2569933573938533}, "4": {"train_loss": 6.936432171860115, "val_loss": 7.816229710220221, "error_rate": 0.4901654212477194, "f1_score": 0.3168548877703859}, "5": {"train_loss": 6.718221731491309, "val_loss": 7.586741330716249, "error_rate": 0.48189539763945044, "f1_score": 0.32555255066498584}, "6": {"train_loss": 6.581399643484244, "val_loss": 7.527514470784426, "error_rate": 0.46858634025821194, "f1_score": 0.32861907050184497}, "7": {"train_loss": 6.4744672026358305, "val_loss": 7.581704870228433, "error_rate": 0.48900947303960013, "f1_score": 0.338339009672408}, "8": {"train_loss": 6.406034497862311, "val_loss": 7.411481786580888, "error_rate": 0.47031048434653705, "f1_score": 0.3536517078623741}, "9": {"train_loss": 6.372640828501979, "val_loss": 7.25168256078397, "error_rate": 0.463744428123109, "f1_score": 0.35589684469079264}, "10": {"train_loss": 6.306670415960315, "val_loss": 7.310429501948704, "error_rate": 0.46858660042378253, "f1_score": 0.3672454473911558}, "11": {"train_loss": 6.27277633051098, "val_loss": 7.671570242611257, "error_rate": 249977776830.57016, "f1_score": NaN}, "12": {"train_loss": 6.240183452253857, "val_loss": 7.434916817099541, "error_rate": 0.47184721255204365, "f1_score": 0.3594358566163041}, "13": {"train_loss": 6.238567970811951, "val_loss": 7.616007821362561, "error_rate": 0.4874024723004144, "f1_score": 0.34658523772934546}, "14": {"train_loss": 6.192348948637491, "val_loss": 7.355629078704292, "error_rate": 0.46877998760659445, "f1_score": 0.3823077179604074}, "15": {"train_loss": 6.155518679013876, "val_loss": 7.637656323765015, "error_rate": 0.48392419834287664, "f1_score": 0.36655765736206714}, "16": {"train_loss": 6.117233435757649, "val_loss": 7.525872572759989, "error_rate": 249977776830.54474, "f1_score": NaN}, "17": {"train_loss": 6.089851102971803, "val_loss": 7.347791200739824, "error_rate": 249977776830.54337, "f1_score": NaN}, "18": {"train_loss": 6.068683421519167, "val_loss": 7.13164107709708, "error_rate": 0.45555080720317853, "f1_score": 0.40515589697210713}, "19": {"train_loss": 6.051841456596934, "val_loss": 7.305956306694986, "error_rate": 249977776830.53763, "f1_score": NaN}, "20": {"train_loss": 6.053295249077865, "val_loss": 7.3562147377808005, "error_rate": 249977776830.53876, "f1_score": NaN}, "21": {"train_loss": 6.020568106203843, "val_loss": 7.40080953287104, "error_rate": 249977776830.54108, "f1_score": NaN}, "22": {"train_loss": 6.00361967702179, "val_loss": 7.21265237629004, "error_rate": 0.46087029372605554, "f1_score": 0.4025869119861649}, "23": {"train_loss": 6.018439228186674, "val_loss": 7.111073441765567, "error_rate": 249977776830.52414, "f1_score": NaN}, "24": {"train_loss": 5.965015613810533, "val_loss": 7.3298659310785785, "error_rate": 0.46047360738199256, "f1_score": 0.39056855093405407}, "25": {"train_loss": 5.977201498558728, "val_loss": 7.310266015037686, "error_rate": 249977776830.54257, "f1_score": NaN}, "26": {"train_loss": 5.959302662871136, "val_loss": 7.423010672449744, "error_rate": 0.48124468990508773, "f1_score": 0.39073138020133885}, "27": {"train_loss": 5.971238074642803, "val_loss": 7.4616690771351335, "error_rate": 249977776830.54156, "f1_score": NaN}, "28": {"train_loss": 5.964628371293107, "val_loss": 7.3335796333583625, "error_rate": 0.47344088996717215, "f1_score": 0.3998270190994581}, "29": {"train_loss": 5.950350989367175, "val_loss": 7.227092407717819, "error_rate": 0.46686866171107344, "f1_score": 0.4032165658561209}, "30": {"train_loss": 5.955561902058846, "val_loss": 7.059047893171319, "error_rate": 249977776830.5177, "f1_score": NaN}, "31": {"train_loss": 5.943682874464591, "val_loss": 7.335054992963808, "error_rate": 249977776830.53802, "f1_score": NaN}, "32": {"train_loss": 5.9682625969861185, "val_loss": 7.236517673890414, "error_rate": 249977776830.53632, "f1_score": NaN}, "33": {"train_loss": 5.932355260625853, "val_loss": 7.199060081372473, "error_rate": 249977776830.5322, "f1_score": NaN}, "34": {"train_loss": 5.972191274164753, "val_loss": 7.158202747286114, "error_rate": 249977776830.52744, "f1_score": NaN}, "35": {"train_loss": 5.930365860403307, "val_loss": 7.269583635192056, "error_rate": 0.46061596961262913, "f1_score": 0.3986278774033798}, "36": {"train_loss": 5.942520720254767, "val_loss": 7.419228156895304, "error_rate": 249977776830.54086, "f1_score": NaN}, "37": {"train_loss": 5.940586218928407, "val_loss": 7.259963525246809, "error_rate": 0.46143324496046945, "f1_score": 0.40349563251865644}, "38": {"train_loss": 5.917869349154888, "val_loss": 7.390571313303774, "error_rate": 249977776830.54086, "f1_score": NaN}, "39": {"train_loss": 5.941626767793116, "val_loss": 7.284652879817937, "error_rate": 249977776830.53763, "f1_score": NaN}, "40": {"train_loss": 5.932778861948686, "val_loss": 7.237772447121786, "error_rate": 0.4640332493404274, "f1_score": 0.39167292081053817}, "41": {"train_loss": 5.925056499354007, "val_loss": 7.033888819747517, "error_rate": 249977776830.51978, "f1_score": NaN}, "42": {"train_loss": 5.910489212672435, "val_loss": 7.3931172368608244, "error_rate": 249977776830.53967, "f1_score": NaN}, "43": {"train_loss": 5.916062110414929, "val_loss": 7.301840290691101, "error_rate": 0.465021093020143, "f1_score": 0.40642702781932827}, "44": {"train_loss": 5.932447995751938, "val_loss": 7.186766245837436, "error_rate": 249977776830.53275, "f1_score": NaN}, "45": {"train_loss": 5.9139863342631775, "val_loss": 7.381126179833901, "error_rate": 249977776830.54245, "f1_score": NaN}, "46": {"train_loss": 5.896381151189118, "val_loss": 7.209117232380157, "error_rate": 249977776830.53003, "f1_score": NaN}, "47": {"train_loss": 5.915351355817657, "val_loss": 7.582036705817117, "error_rate": 249977776830.5507, "f1_score": NaN}, "48": {"train_loss": 5.8990908926897605, "val_loss": 7.477749014558186, "error_rate": 249977776830.54324, "f1_score": NaN}, "49": {"train_loss": 5.942540592023904, "val_loss": 7.481670217720844, "error_rate": 249977776830.54968, "f1_score": NaN}, "50": {"train_loss": 5.90495231826228, "val_loss": 7.413746677715815, "error_rate": 0.47330971329765675, "f1_score": 0.3890076944101958}}