{"1": {"train_loss": 8.606663667305268, "val_loss": 8.347506891199547, "error_rate": 0.9018117159178725, "f1_score": 0.435392460453015}, "2": {"train_loss": 7.714536453312644, "val_loss": 7.961229321188426, "error_rate": 0.9036228331356471, "f1_score": 0.4778459568822016}, "3": {"train_loss": 7.326893888925564, "val_loss": 7.814898342686197, "error_rate": 0.8394010719220296, "f1_score": 0.48438631539541865}, "4": {"train_loss": 7.064525270432067, "val_loss": 7.634884077082654, "error_rate": 0.7874546187822612, "f1_score": 0.515939070004729}, "5": {"train_loss": 6.916161796328987, "val_loss": 7.6851827893181754, "error_rate": 0.772260262514505, "f1_score": 0.5381271596606354}, "6": {"train_loss": 6.7771570758260955, "val_loss": 7.416131193229607, "error_rate": 0.7512044345189776, "f1_score": 0.5475075882101833}, "7": {"train_loss": 6.663962262497476, "val_loss": 7.78001579992831, "error_rate": 0.7570108615731213, "f1_score": 0.5194196685767685}, "8": {"train_loss": 6.563999368434052, "val_loss": 7.568599322818926, "error_rate": 0.7279889390191834, "f1_score": 0.5572366429224741}, "9": {"train_loss": 6.470641722073898, "val_loss": 7.3683441428388905, "error_rate": 0.7334115109145928, "f1_score": 0.5496451721432767}, "10": {"train_loss": 6.407717023920362, "val_loss": 7.496433155659737, "error_rate": 0.7165700229507915, "f1_score": 0.5716253168635224}, "11": {"train_loss": 6.348413329443646, "val_loss": 7.559478482810382, "error_rate": 0.6986371675003303, "f1_score": 0.5740399506850908}, "12": {"train_loss": 6.322863405495955, "val_loss": 7.6543426107429235, "error_rate": 0.7135693519024929, "f1_score": 0.5632594281255553}, "13": {"train_loss": 6.267114580009258, "val_loss": 7.334706370955183, "error_rate": 0.6856812149580469, "f1_score": 0.58917336297102}, "14": {"train_loss": 6.2412533816457225, "val_loss": 7.6093599178712354, "error_rate": 0.6917318381318593, "f1_score": 0.5776077578625866}, "15": {"train_loss": 6.233946293756293, "val_loss": 7.543832186135426, "error_rate": 0.6928070119237466, "f1_score": 0.5693742275444545}, "16": {"train_loss": 6.192576179991772, "val_loss": 7.692542210388179, "error_rate": 0.6914288156803938, "f1_score": 0.5621071722205282}, "17": {"train_loss": 6.158914288948551, "val_loss": 7.461653866185237, "error_rate": 0.6729206882350406, "f1_score": 0.5900567970837204}, "18": {"train_loss": 6.12555872236546, "val_loss": 7.4044328542649644, "error_rate": 0.6712575119341264, "f1_score": 0.593718557176458}, "19": {"train_loss": 6.115538497029591, "val_loss": 7.2728505538172366, "error_rate": 0.6677964751215109, "f1_score": 0.5996142871937981}, "20": {"train_loss": 6.092841679868406, "val_loss": 7.162687525717438, "error_rate": 0.6469156876360762, "f1_score": 0.6148759830396459}, "21": {"train_loss": 6.090307851845866, "val_loss": 7.320594463956419, "error_rate": 0.6599192600462582, "f1_score": 0.6054651065429288}, "22": {"train_loss": 6.064106274869928, "val_loss": 7.4863395901622, "error_rate": 0.6721995126695655, "f1_score": 0.5922023445420507}, "23": {"train_loss": 6.033046931063308, "val_loss": 7.212803507215386, "error_rate": 0.6566826169162938, "f1_score": 0.6088327171665001}, "24": {"train_loss": 6.038764340986494, "val_loss": 7.294363228355739, "error_rate": 0.6635899425823444, "f1_score": 0.6016620275652521}, "25": {"train_loss": 6.018316034694233, "val_loss": 7.259465604641764, "error_rate": 0.657021095128641, "f1_score": 0.606432029620173}, "26": {"train_loss": 6.044244430048815, "val_loss": 7.2687624093690895, "error_rate": 0.6605720416753383, "f1_score": 0.6031585049311038}, "27": {"train_loss": 5.994882145619136, "val_loss": 7.335662139253188, "error_rate": 0.6538470545807419, "f1_score": 0.6045092352661857}, "28": {"train_loss": 6.005093088427441, "val_loss": 7.062515969404623, "error_rate": 0.6413128178008901, "f1_score": 0.6218365208583386}, "29": {"train_loss": 5.995171385846663, "val_loss": 7.057637222917963, "error_rate": 0.6542913278605824, "f1_score": 0.6156455929306794}, "30": {"train_loss": 5.989420641284266, "val_loss": 7.241496687672804, "error_rate": 0.6440444069254705, "f1_score": 0.6183811838465653}, "31": {"train_loss": 5.999596772210075, "val_loss": 7.065817983824319, "error_rate": 0.6400766181378222, "f1_score": 0.6292622780775818}, "32": {"train_loss": 5.961861560653661, "val_loss": 7.2582572595234875, "error_rate": 0.6522974581725383, "f1_score": 0.6105612030158947}, "33": {"train_loss": 5.976106289035582, "val_loss": 7.27120881143793, "error_rate": 0.6559685846830068, "f1_score": 0.6081426833067475}, "34": {"train_loss": 5.973576068013718, "val_loss": 7.216766768373388, "error_rate": 0.6505241196268808, "f1_score": 0.6158984149421043}, "35": {"train_loss": 5.9620889226813505, "val_loss": 7.371680802285107, "error_rate": 0.6594834676343388, "f1_score": 0.5998391104627832}, "36": {"train_loss": 5.966041451175977, "val_loss": 7.038960107683102, "error_rate": 0.6472127297744138, "f1_score": 0.6183134647909352}, "37": {"train_loss": 5.9532170543737, "val_loss": 7.452684048525029, "error_rate": 0.657007563143603, "f1_score": 0.6033017920585463}, "38": {"train_loss": 5.930693080040319, "val_loss": 7.3160841294431656, "error_rate": 0.6636584118325248, "f1_score": 0.602961611531215}, "39": {"train_loss": 5.943437568149075, "val_loss": 7.174542430771552, "error_rate": 0.6576686769855438, "f1_score": 0.610795804615821}, "40": {"train_loss": 5.947924762344437, "val_loss": 7.323702530816253, "error_rate": 0.6573611932483865, "f1_score": 0.6072641346347193}, "41": {"train_loss": 5.961961700507459, "val_loss": 7.051984651069312, "error_rate": 0.6441352007272317, "f1_score": 0.6216822555908592}, "42": {"train_loss": 5.937898965393109, "val_loss": 7.398476739548971, "error_rate": 0.6582540446229077, "f1_score": 0.6035701390659027}, "43": {"train_loss": 5.934877652897192, "val_loss": 7.224927159744024, "error_rate": 0.642192133179721, "f1_score": 0.6207609762011995}, "44": {"train_loss": 5.914523876835192, "val_loss": 7.381087861732684, "error_rate": 0.6561326791944448, "f1_score": 0.6047081215309874}, "45": {"train_loss": 5.910665436114706, "val_loss": 7.306749742406814, "error_rate": 0.6484263501571528, "f1_score": 0.6138889023182741}, "46": {"train_loss": 5.915239207897833, "val_loss": 7.251114416935116, "error_rate": 0.6506139892353503, "f1_score": 0.6090523397671013}, "47": {"train_loss": 5.9249451189595055, "val_loss": 7.277234494339384, "error_rate": 0.6509353028623953, "f1_score": 0.6095784230468881}, "48": {"train_loss": 5.932868461745591, "val_loss": 7.137613379423167, "error_rate": 0.6468217751054717, "f1_score": 0.6146855757206005}, "49": {"train_loss": 5.9208934145422605, "val_loss": 7.297971455922886, "error_rate": 0.659393352313771, "f1_score": 0.6047736650038563}, "50": {"train_loss": 5.910703080956806, "val_loss": 7.2557388401188785, "error_rate": 0.6600075780260007, "f1_score": 0.6025464607067429}}