{"1": {"train_loss": 8.50721112387229, "val_loss": 9.776461317923397, "error_rate": 1249888884151.0676, "f1_score": NaN}}