{"1": {"train_loss": 8.595407432083045, "val_loss": 8.126420725522326}, "2": {"train_loss": 7.759785026912314, "val_loss": 8.087521986491934}, "3": {"train_loss": 7.333600109905505, "val_loss": 7.527458689276482}, "4": {"train_loss": 7.065235010632425, "val_loss": 7.667021454041019}, "5": {"train_loss": 6.867972963496541, "val_loss": 7.482272315978419}, "6": {"train_loss": 6.709747998807777, "val_loss": 7.618151603280734}, "7": {"train_loss": 6.581116166146141, "val_loss": 7.620230419247781}, "8": {"train_loss": 6.472615372385266, "val_loss": 7.483383493372956}, "9": {"train_loss": 6.392457393512077, "val_loss": 7.365344336934489}, "10": {"train_loss": 6.3367630856101265, "val_loss": 7.391748848650511}, "11": {"train_loss": 6.287345247825133, "val_loss": 7.219497782717498}, "12": {"train_loss": 6.207225444273421, "val_loss": 7.283231828199149}, "13": {"train_loss": 6.164440202797387, "val_loss": 7.050827984196757}, "14": {"train_loss": 6.122877231722329, "val_loss": 7.322667063882191}, "15": {"train_loss": 6.1181290392801735, "val_loss": 6.985862532940635}, "16": {"train_loss": 6.059515041632372, "val_loss": 7.1888955799353145}, "17": {"train_loss": 6.049757976367736, "val_loss": 7.209442089122023}, "18": {"train_loss": 6.05931447017905, "val_loss": 7.319474631828856}, "19": {"train_loss": 6.038491210191056, "val_loss": 7.246612209403597}, "20": {"train_loss": 5.997047485608794, "val_loss": 7.143472920826305}, "21": {"train_loss": 5.9724088996711915, "val_loss": 7.151874213360168}, "22": {"train_loss": 5.987621759705273, "val_loss": 7.154002550419992}, "23": {"train_loss": 5.962996006773027, "val_loss": 7.354882850381672}, "24": {"train_loss": 5.972867141323442, "val_loss": 7.197285937857645}, "25": {"train_loss": 5.93571551102121, "val_loss": 7.201179856596118}, "26": {"train_loss": 5.96619236193598, "val_loss": 7.262751343407861}, "27": {"train_loss": 5.938470565846603, "val_loss": 7.026877737666677}, "28": {"train_loss": 5.923197515689601, "val_loss": 6.937994576862818}, "29": {"train_loss": 5.954087066567558, "val_loss": 7.220844367433923}, "30": {"train_loss": 5.923681050575343, "val_loss": 7.136500792563945}, "31": {"train_loss": 5.9291471279585535, "val_loss": 6.892674261111434}, "32": {"train_loss": 5.9126446001632464, "val_loss": 7.028212254510678}, "33": {"train_loss": 5.916909448831093, "val_loss": 6.862715237857821}, "34": {"train_loss": 5.89147854432447, "val_loss": 7.057568473190676}, "35": {"train_loss": 5.8959099482944, "val_loss": 7.124232042579947}, "36": {"train_loss": 5.888465702808766, "val_loss": 7.06845815518281}, "37": {"train_loss": 5.879174909574553, "val_loss": 6.9966486954075595}, "38": {"train_loss": 5.878342480315298, "val_loss": 7.090053059800708}, "39": {"train_loss": 5.880757865013669, "val_loss": 7.186438559458463}, "40": {"train_loss": 5.888623600380822, "val_loss": 7.263392581383704}, "41": {"train_loss": 5.891418994635435, "val_loss": 7.06951245304448}, "42": {"train_loss": 5.877596302374018, "val_loss": 6.921934526532526}, "43": {"train_loss": 5.887117447096472, "val_loss": 7.294240579530302}, "44": {"train_loss": 5.867466561011072, "val_loss": 7.043794626714563}, "45": {"train_loss": 5.872120678524, "val_loss": 7.132308421525164}, "46": {"train_loss": 5.880199093198121, "val_loss": 7.110911862396431}, "47": {"train_loss": 5.858584059889743, "val_loss": 7.060789562296702}, "48": {"train_loss": 5.875776883421805, "val_loss": 7.252602396549348}, "49": {"train_loss": 5.855274818333265, "val_loss": 7.101391583475931}, "50": {"train_loss": 5.8473721190101555, "val_loss": 7.275933057817107}}