{"1": {"train_loss": 271.7136308669762, "val_loss": 256.6774917460031}}
