{"1": {"train_loss": 8.521137663216773, "val_loss": 8.015324069845999, "error_rate": 0.6989593109792641, "f1_score": 0.17121886126464173}, "2": {"train_loss": 7.712566612379026, "val_loss": 8.10844601304279, "error_rate": 0.6695565926988899, "f1_score": 0.20682677121287846}, "3": {"train_loss": 7.290211016910405, "val_loss": 7.944970561827049, "error_rate": 0.6403246462691985, "f1_score": 0.26026122326939716}, "4": {"train_loss": 7.049565054572642, "val_loss": 7.707858748859959, "error_rate": 0.6032166144054428, "f1_score": 0.300236024608641}, "5": {"train_loss": 6.870973520752708, "val_loss": 7.821341713351396, "error_rate": 0.5976325681013821, "f1_score": 0.3147587237589321}, "6": {"train_loss": 6.677492243112669, "val_loss": 7.503092298571301, "error_rate": 0.574196176500582, "f1_score": 0.3332864301245794}, "7": {"train_loss": 6.538576019023228, "val_loss": 7.679524398628537, "error_rate": 0.5691615199585239, "f1_score": 0.3497222257558371}, "8": {"train_loss": 6.4560502418488355, "val_loss": 7.5085089691855424, "error_rate": 0.5663426042813478, "f1_score": 0.35055030246383184}, "9": {"train_loss": 6.392330709560181, "val_loss": 7.524246986095567, "error_rate": 0.5686647793668674, "f1_score": 0.3390767561275671}, "10": {"train_loss": 6.346029199778881, "val_loss": 7.431530871614185, "error_rate": 0.5639732211500119, "f1_score": 0.35509940586846145}, "11": {"train_loss": 6.314863432196438, "val_loss": 7.482931851909598, "error_rate": 0.5638404291870002, "f1_score": 0.3571111434003358}, "12": {"train_loss": 6.27568162691769, "val_loss": 7.436962019253345, "error_rate": 0.5421501051903931, "f1_score": 0.3766420924967267}, "13": {"train_loss": 6.224977441227736, "val_loss": 7.369243871521591, "error_rate": 249977776830.6012, "f1_score": NaN}, "14": {"train_loss": 6.173413011266284, "val_loss": 7.545668700630085, "error_rate": 249977776830.61002, "f1_score": NaN}, "15": {"train_loss": 6.146229027870735, "val_loss": 7.436793125275321, "error_rate": 249977776830.6046, "f1_score": NaN}, "16": {"train_loss": 6.1220275562371205, "val_loss": 7.501815525049355, "error_rate": 249977776830.60434, "f1_score": NaN}, "17": {"train_loss": 6.093739593544925, "val_loss": 7.311914452123893, "error_rate": 249977776830.58975, "f1_score": NaN}, "18": {"train_loss": 6.079871613640431, "val_loss": 7.352611254746216, "error_rate": 249977776830.6004, "f1_score": NaN}, "19": {"train_loss": 6.053606975657969, "val_loss": 7.03951436045251, "error_rate": 249977776830.57248, "f1_score": NaN}, "20": {"train_loss": 6.02944088801382, "val_loss": 7.250660322688904, "error_rate": 249977776830.58038, "f1_score": NaN}, "21": {"train_loss": 6.007622479472727, "val_loss": 7.168150841162769, "error_rate": 0.5162022075266672, "f1_score": 0.4062384318668256}, "22": {"train_loss": 5.9783402707401745, "val_loss": 7.239640149299087, "error_rate": 249977776830.59442, "f1_score": NaN}, "23": {"train_loss": 5.971533515560602, "val_loss": 7.188955723590622, "error_rate": 0.513436661938688, "f1_score": 0.4102305632058984}, "24": {"train_loss": 5.973662915443576, "val_loss": 7.325684434285505, "error_rate": 249977776830.59238, "f1_score": NaN}, "25": {"train_loss": 5.963339639521642, "val_loss": 7.368009315324019, "error_rate": 249977776830.59598, "f1_score": NaN}, "26": {"train_loss": 5.953296923500141, "val_loss": 7.370127920812922, "error_rate": 249977776830.59314, "f1_score": NaN}, "27": {"train_loss": 5.951454710250608, "val_loss": 7.153895923449435, "error_rate": 249977776830.58066, "f1_score": NaN}, "28": {"train_loss": 5.958059763975759, "val_loss": 7.39565792538097, "error_rate": 249977776830.59543, "f1_score": NaN}, "29": {"train_loss": 5.944460191285516, "val_loss": 7.24560843604286, "error_rate": 249977776830.58377, "f1_score": NaN}, "30": {"train_loss": 5.9274249242749, "val_loss": 7.094804364641764, "error_rate": 0.5130188092897707, "f1_score": 0.41021384862090277}, "31": {"train_loss": 5.935182049350257, "val_loss": 7.673620732942826, "error_rate": 249977776830.61536, "f1_score": NaN}, "32": {"train_loss": 5.923033269341135, "val_loss": 7.416987524329054, "error_rate": 0.5362421657889409, "f1_score": 0.40134095157440475}, "33": {"train_loss": 5.921282779324084, "val_loss": 7.094576801675881, "error_rate": 249977776830.5781, "f1_score": NaN}, "34": {"train_loss": 5.9252071432337265, "val_loss": 7.335508588099206, "error_rate": 249977776830.5867, "f1_score": NaN}, "35": {"train_loss": 5.915893048168936, "val_loss": 7.344715855529373, "error_rate": 249977776830.59512, "f1_score": NaN}, "36": {"train_loss": 5.900307047221465, "val_loss": 7.426690746192222, "error_rate": 0.5292667337440451, "f1_score": 0.39260847970069174}, "37": {"train_loss": 5.896820021163355, "val_loss": 7.150963659336568, "error_rate": 249977776830.5777, "f1_score": NaN}, "38": {"train_loss": 5.908230367104014, "val_loss": 7.062425147904025, "error_rate": 249977776830.57767, "f1_score": NaN}, "39": {"train_loss": 5.901424115330973, "val_loss": 7.168041509953637, "error_rate": 0.5138958334766718, "f1_score": 0.40555919723325967}, "40": {"train_loss": 5.886320752133794, "val_loss": 7.2061224661386545, "error_rate": 249977776830.58197, "f1_score": NaN}}