{"1": {"train_loss": 270.98241776354996, "val_loss": 252.30032784057727}, "2": {"train_loss": 232.9559299584845, "val_loss": 245.64183922832072}, "3": {"train_loss": 209.0843959583296, "val_loss": 238.1391836636564}, "4": {"train_loss": 192.68089823965764, "val_loss": 228.981067865719}, "5": {"train_loss": 181.57336543468318, "val_loss": 227.13393981947422}, "6": {"train_loss": 174.01380962258682, "val_loss": 225.0906310283159}, "7": {"train_loss": 167.93816414810445, "val_loss": 225.4633975334412}, "8": {"train_loss": 163.5027592564694, "val_loss": 222.5717652952021}, "9": {"train_loss": 159.58868347966205, "val_loss": 221.48762829335226}, "10": {"train_loss": 156.033405190959, "val_loss": 223.6384257061462}, "11": {"train_loss": 153.5426833073972, "val_loss": 223.6411962239546}, "12": {"train_loss": 150.8279889750254, "val_loss": 219.62987701900184}, "13": {"train_loss": 148.5474882149925, "val_loss": 226.94410211447487}, "14": {"train_loss": 146.71528134404565, "val_loss": 225.36155710212}, "15": {"train_loss": 144.84027882740017, "val_loss": 218.47053117099847}, "16": {"train_loss": 143.78314596607098, "val_loss": 227.61344925557515}, "17": {"train_loss": 142.3055651108523, "val_loss": 225.08570253572498}, "18": {"train_loss": 141.88930763951694, "val_loss": 226.78328686280324}, "19": {"train_loss": 140.47302418578445, "val_loss": 224.53919406208206}, "20": {"train_loss": 139.50505955891256, "val_loss": 225.50467542258716}, "21": {"train_loss": 138.14500677185075, "val_loss": 224.60630051278144}, "22": {"train_loss": 137.4126479025891, "val_loss": 219.6986310430653}, "23": {"train_loss": 136.57594763209678, "val_loss": 226.57074152378053}, "24": {"train_loss": 135.84880121023244, "val_loss": 226.65111143074947}, "25": {"train_loss": 134.83295742775442, "val_loss": 215.95161040265748}, "26": {"train_loss": 134.46171014907225, "val_loss": 225.1489808898073}, "27": {"train_loss": 134.0501974741317, "val_loss": 224.2888492947318}, "28": {"train_loss": 133.69851616821063, "val_loss": 225.31869825827508}, "29": {"train_loss": 132.95457714372898, "val_loss": 224.26713041657356}, "30": {"train_loss": 132.27402044697808, "val_loss": 228.57331876414443}, "31": {"train_loss": 131.98902105328773, "val_loss": 223.12215889946117}, "32": {"train_loss": 131.36272344418205, "val_loss": 220.6108426787712}, "33": {"train_loss": 130.6194089765669, "val_loss": 228.5748726026569}, "34": {"train_loss": 130.6439351540596, "val_loss": 224.630737110204}, "35": {"train_loss": 130.00747607034947, "val_loss": 217.4718529845578}, "36": {"train_loss": 129.74338918550592, "val_loss": 226.12719243006387}, "37": {"train_loss": 129.84366441421344, "val_loss": 230.35890376360467}, "38": {"train_loss": 129.4703914742978, "val_loss": 227.14467047673514}, "39": {"train_loss": 128.87263417959682, "val_loss": 230.6929734771284}, "40": {"train_loss": 128.9014802298226, "val_loss": 226.88441640721038}, "41": {"train_loss": 128.4617248067546, "val_loss": 228.36407327749697}, "42": {"train_loss": 127.95327800855931, "val_loss": 220.57512287331863}, "43": {"train_loss": 127.15887175254959, "val_loss": 229.7030990567299}, "44": {"train_loss": 127.46751228778382, "val_loss": 221.19947882483734}, "45": {"train_loss": 126.80559827259965, "val_loss": 219.34018945793193}, "46": {"train_loss": 126.71011408434067, "val_loss": 224.72427236276366}, "47": {"train_loss": 126.47285129873555, "val_loss": 223.1090295710709}, "48": {"train_loss": 126.28132222990914, "val_loss": 222.0045610937755}, "49": {"train_loss": 126.37535344598197, "val_loss": 221.34766987454117}, "50": {"train_loss": 125.99344141904753, "val_loss": 225.4687221768076}}
