{"1": {"train_loss": 8.531470099215031, "val_loss": 7.983811364163354, "error_rate": 0.6945198602133449, "f1_score": 0.17419095701364323}, "2": {"train_loss": 7.731768270282692, "val_loss": 7.881021042632702, "error_rate": 0.6781390037692843, "f1_score": 0.19481200523459918}, "3": {"train_loss": 7.279449629733011, "val_loss": 7.656931635913914, "error_rate": 0.6101932195783413, "f1_score": 0.2818555174445399}, "4": {"train_loss": 6.963483823730514, "val_loss": 7.446783930991887, "error_rate": 0.5918225823284476, "f1_score": 0.3196744504289545}, "5": {"train_loss": 6.735061123657919, "val_loss": 7.410390103410181, "error_rate": 0.5732947492198659, "f1_score": 0.3451774976968786}, "6": {"train_loss": 6.5667226179648, "val_loss": 7.6033031683226655, "error_rate": 0.5791404608566729, "f1_score": 0.333403996678773}, "7": {"train_loss": 6.472797442605974, "val_loss": 7.640855103852509, "error_rate": 0.5737628441678275, "f1_score": 0.3580708314707315}, "8": {"train_loss": 6.39184058715684, "val_loss": 7.5005643591529525, "error_rate": 0.559906933643432, "f1_score": 0.36518709848154535}, "9": {"train_loss": 6.341105318179666, "val_loss": 7.2827646139191415, "error_rate": 0.5323882184508932, "f1_score": 0.3756678439710709}, "10": {"train_loss": 6.286741415375126, "val_loss": 7.4044602947619955, "error_rate": 0.5412477535309116, "f1_score": 0.3755023902502677}, "11": {"train_loss": 6.224770369883454, "val_loss": 7.3136356001636145, "error_rate": 0.5334880043383432, "f1_score": 0.3832271778769567}, "12": {"train_loss": 6.173692788965596, "val_loss": 7.587249503096955, "error_rate": 249977776830.60806, "f1_score": NaN}, "13": {"train_loss": 6.137136554332662, "val_loss": 7.223610546047615, "error_rate": 0.5250998335272684, "f1_score": 0.3904567480046941}, "14": {"train_loss": 6.095604496017521, "val_loss": 7.330232701582067, "error_rate": 249977776830.5926, "f1_score": NaN}, "15": {"train_loss": 6.09995920261312, "val_loss": 7.313206124861594, "error_rate": 249977776830.58664, "f1_score": NaN}, "16": {"train_loss": 6.055502926364128, "val_loss": 7.46074243467278, "error_rate": 249977776830.5987, "f1_score": NaN}, "17": {"train_loss": 6.074690015613764, "val_loss": 7.347252288163681, "error_rate": 0.5302137465422058, "f1_score": 0.39151608382897957}, "18": {"train_loss": 6.042914307398083, "val_loss": 7.247190431981869, "error_rate": 0.5180909867103833, "f1_score": 0.39982516604576046}, "19": {"train_loss": 6.007794331576843, "val_loss": 7.129004618313603, "error_rate": 249977776830.58047, "f1_score": NaN}, "20": {"train_loss": 6.019744821962046, "val_loss": 7.1376574977275995, "error_rate": 249977776830.5873, "f1_score": NaN}, "21": {"train_loss": 6.000949030129875, "val_loss": 7.09360457825642, "error_rate": 249977776830.5795, "f1_score": NaN}, "22": {"train_loss": 5.966182265697051, "val_loss": 7.5141463374804465, "error_rate": 249977776830.60013, "f1_score": NaN}, "23": {"train_loss": 5.957133505841316, "val_loss": 7.054024118957236, "error_rate": 249977776830.5707, "f1_score": NaN}, "24": {"train_loss": 5.960041564774295, "val_loss": 7.205702419872778, "error_rate": 249977776830.58142, "f1_score": NaN}, "25": {"train_loss": 5.9831378358670495, "val_loss": 7.210322411608118, "error_rate": 249977776830.58325, "f1_score": NaN}, "26": {"train_loss": 5.956599729290958, "val_loss": 7.474135929272302, "error_rate": 249977776830.6003, "f1_score": NaN}, "27": {"train_loss": 5.9710548198559765, "val_loss": 7.185644999833952, "error_rate": 249977776830.5833, "f1_score": NaN}, "28": {"train_loss": 5.936134630419296, "val_loss": 7.231962701211544, "error_rate": 249977776830.58325, "f1_score": NaN}, "29": {"train_loss": 5.933029853727142, "val_loss": 7.25167220361356, "error_rate": 249977776830.58548, "f1_score": NaN}, "30": {"train_loss": 5.938859090251337, "val_loss": 7.186138972826786, "error_rate": 249977776830.58533, "f1_score": NaN}, "31": {"train_loss": 5.940866985418196, "val_loss": 7.028732247880644, "error_rate": 249977776830.57355, "f1_score": NaN}, "32": {"train_loss": 5.922944392888059, "val_loss": 6.981224379841663, "error_rate": 0.5038333669674849, "f1_score": 0.41834068200361585}, "33": {"train_loss": 5.918293102059839, "val_loss": 7.121238805377729, "error_rate": 0.5130707393171393, "f1_score": 0.404315500969408}, "34": {"train_loss": 5.9085045881957825, "val_loss": 7.260045864178412, "error_rate": 249977776830.58136, "f1_score": NaN}, "35": {"train_loss": 5.893698706889903, "val_loss": 7.158103504402218, "error_rate": 249977776830.5816, "f1_score": NaN}, "36": {"train_loss": 5.8924692567119195, "val_loss": 7.36076882289966, "error_rate": 249977776830.58704, "f1_score": NaN}, "37": {"train_loss": 5.92875742272951, "val_loss": 7.313633183118362, "error_rate": 249977776830.5852, "f1_score": NaN}, "38": {"train_loss": 5.924858814859827, "val_loss": 7.391903218801438, "error_rate": 249977776830.59952, "f1_score": NaN}, "39": {"train_loss": 5.906469774485961, "val_loss": 6.990627103028328, "error_rate": 249977776830.57056, "f1_score": NaN}, "40": {"train_loss": 5.878304270093645, "val_loss": 7.097014387992889, "error_rate": 249977776830.5833, "f1_score": NaN}, "41": {"train_loss": 5.877708699244965, "val_loss": 7.08524285085539, "error_rate": 0.5102090059764935, "f1_score": 0.40928047220115116}, "42": {"train_loss": 5.8952172481914165, "val_loss": 7.345657492569622, "error_rate": 249977776830.59842, "f1_score": NaN}, "43": {"train_loss": 5.892662412406609, "val_loss": 7.222507840790408, "error_rate": 249977776830.58365, "f1_score": NaN}, "44": {"train_loss": 5.880565430995889, "val_loss": 7.103575779658265, "error_rate": 249977776830.57336, "f1_score": NaN}, "45": {"train_loss": 5.870313904175897, "val_loss": 7.08506100084755, "error_rate": 249977776830.56583, "f1_score": NaN}, "46": {"train_loss": 5.855881232924247, "val_loss": 7.346562394754059, "error_rate": 249977776830.5917, "f1_score": NaN}, "47": {"train_loss": 5.863750842292034, "val_loss": 7.068317036749136, "error_rate": 0.5027722990835437, "f1_score": 0.4164525036132279}, "48": {"train_loss": 5.859181950314364, "val_loss": 7.273678207145221, "error_rate": 249977776830.58353, "f1_score": NaN}, "49": {"train_loss": 5.884380887632212, "val_loss": 7.251382109410028, "error_rate": 249977776830.5871, "f1_score": NaN}, "50": {"train_loss": 5.882059965969417, "val_loss": 7.067587796257593, "error_rate": 249977776830.57416, "f1_score": NaN}}