{"15": {"train_loss": 6.23126722172787, "val_loss": 7.524131737621287, "error_rate": 0.564138625810522, "f1_score": 0.36807789356605936}, "16": {"train_loss": 6.217310194687741, "val_loss": 7.561207752797775, "error_rate": 0.5611591878810646, "f1_score": 0.3548893811238799}, "17": {"train_loss": 6.212050567053354, "val_loss": 7.41703922866097, "error_rate": 0.5617648722301206, "f1_score": 0.36019905181096445}, "18": {"train_loss": 6.206815171456233, "val_loss": 7.381311688548225, "error_rate": 0.5549252321298088, "f1_score": 0.3645480409800797}, "19": {"train_loss": 6.186432623937468, "val_loss": 7.516610621123825, "error_rate": 0.5663684132015796, "f1_score": 0.3474931959929652}, "20": {"train_loss": 6.1921526147855115, "val_loss": 7.3711268710908895, "error_rate": 0.5575897643169134, "f1_score": 0.3673909130492927}, "21": {"train_loss": 6.150604202253587, "val_loss": 7.600828624986776, "error_rate": 0.5724668868756473, "f1_score": 0.36308748520223677}, "22": {"train_loss": 6.1801202215855175, "val_loss": 7.381991570667693, "error_rate": 0.5537919477687073, "f1_score": 0.36943174855499694}, "23": {"train_loss": 6.145583722851344, "val_loss": 7.649269960945581, "error_rate": 0.5700590831136548, "f1_score": 0.34926109447013454}, "24": {"train_loss": 6.143254349906553, "val_loss": 7.650762623621976, "error_rate": 0.5625643625466498, "f1_score": 0.360478658258351}, "25": {"train_loss": 6.143074010397545, "val_loss": 7.326125050377015, "error_rate": 0.548284906047491, "f1_score": 0.3750902907291683}, "26": {"train_loss": 6.153218225315532, "val_loss": 7.379369907869525, "error_rate": 249977776830.60324, "f1_score": NaN}, "27": {"train_loss": 6.116671880614087, "val_loss": 7.542789965198365, "error_rate": 0.5425597940278115, "f1_score": 0.3790187057389711}, "28": {"train_loss": 6.102686321221319, "val_loss": 7.230181931837944, "error_rate": 249977776830.5922, "f1_score": NaN}, "29": {"train_loss": 6.042814729400818, "val_loss": 7.1453465683667305, "error_rate": 0.5203708638972886, "f1_score": 0.39863304200520666}, "30": {"train_loss": 6.055996333530134, "val_loss": 7.441701304891273, "error_rate": 249977776830.59985, "f1_score": NaN}, "31": {"train_loss": 6.049274589320241, "val_loss": 7.322881224954363, "error_rate": 0.5276768958459583, "f1_score": 0.39678595072941897}, "32": {"train_loss": 6.035862924240846, "val_loss": 7.32352235432892, "error_rate": 0.521814758999149, "f1_score": 0.4019349409511074}, "33": {"train_loss": 6.009091761259359, "val_loss": 7.397481943672664, "error_rate": 249977776830.59787, "f1_score": NaN}, "34": {"train_loss": 5.99570716599763, "val_loss": 7.275684883127595, "error_rate": 249977776830.59274, "f1_score": NaN}, "35": {"train_loss": 5.987738148712463, "val_loss": 7.352892386932273, "error_rate": 249977776830.59564, "f1_score": NaN}, "36": {"train_loss": 6.00579893087991, "val_loss": 7.279976067232351, "error_rate": 249977776830.5902, "f1_score": NaN}, "37": {"train_loss": 6.004418348896522, "val_loss": 7.331206911079807, "error_rate": 249977776830.59512, "f1_score": NaN}, "38": {"train_loss": 5.9929242838066665, "val_loss": 7.216373768644858, "error_rate": 0.5119435804444965, "f1_score": 0.40873524856084403}, "39": {"train_loss": 5.99390941637192, "val_loss": 7.228777985873402, "error_rate": 0.5241129549989404, "f1_score": 0.3901261097665454}, "40": {"train_loss": 6.000366805979995, "val_loss": 7.291607568658629, "error_rate": 249977776830.59482, "f1_score": NaN}, "41": {"train_loss": 6.010618993133804, "val_loss": 7.091031241805626, "error_rate": 249977776830.5863, "f1_score": NaN}, "42": {"train_loss": 5.980274238373121, "val_loss": 7.27978347030138, "error_rate": 0.5281662640136481, "f1_score": 0.3963047216798434}, "43": {"train_loss": 5.9773767797349135, "val_loss": 7.217664301733321, "error_rate": 0.5186198570251792, "f1_score": 0.4108047749785639}, "44": {"train_loss": 5.976107466639399, "val_loss": 7.337366592101337, "error_rate": 249977776830.58426, "f1_score": NaN}, "45": {"train_loss": 5.992644755949081, "val_loss": 7.2218951862329765, "error_rate": 249977776830.58804, "f1_score": NaN}, "46": {"train_loss": 5.977145904024523, "val_loss": 7.33145585193579, "error_rate": 249977776830.59286, "f1_score": NaN}, "47": {"train_loss": 5.975351472727008, "val_loss": 7.57678520309159, "error_rate": 249977776830.60162, "f1_score": NaN}, "48": {"train_loss": 5.971444679660013, "val_loss": 7.144216267862171, "error_rate": 0.5132245825926192, "f1_score": 0.4074443085956345}, "49": {"train_loss": 5.9692877464704885, "val_loss": 7.342449710979624, "error_rate": 0.5282530360812903, "f1_score": 0.3902270103164979}, "50": {"train_loss": 5.956461962298391, "val_loss": 7.184522061244271, "error_rate": 249977776830.58533, "f1_score": NaN}}