{"1": {"train_loss": 8.525088937884806, "val_loss": 8.000542030001958, "error_rate": 0.9271960111214174, "f1_score": 0.4478596788352086}, "2": {"train_loss": 7.717875730846599, "val_loss": 8.1401669221252, "error_rate": 0.8731467841084669, "f1_score": 0.4546407098194812}, "3": {"train_loss": 7.309539691963233, "val_loss": 7.5857779620979775, "error_rate": 0.8189622683040471, "f1_score": 0.5105474220248798}, "4": {"train_loss": 7.078107948151687, "val_loss": 7.542615136614321, "error_rate": 0.7973088953981814, "f1_score": 0.5211787168009443}, "5": {"train_loss": 6.946363215468048, "val_loss": 7.556782635257631, "error_rate": 0.7873650965900406, "f1_score": 0.5227209765867196}, "6": {"train_loss": 6.8117901605607045, "val_loss": 7.415075489654562, "error_rate": 0.7691928104086246, "f1_score": 0.5394236704856713}, "7": {"train_loss": 6.728195232219146, "val_loss": 7.4574946526912225, "error_rate": 0.7241093620846387, "f1_score": 0.5483958857853675}, "8": {"train_loss": 6.582971664904452, "val_loss": 7.47630433694999, "error_rate": 0.7276444804460463, "f1_score": 0.5525499957995684}, "9": {"train_loss": 6.4984255539109546, "val_loss": 7.596289452661953, "error_rate": 0.7374084399620157, "f1_score": 0.5426419680803797}, "10": {"train_loss": 6.419475008825707, "val_loss": 7.564450859341243, "error_rate": 0.7188456985212864, "f1_score": 0.5648928713237676}, "11": {"train_loss": 6.337197501509097, "val_loss": 7.627236506455139, "error_rate": 0.6878582332320965, "f1_score": 0.573541172541042}, "12": {"train_loss": 6.29910648260347, "val_loss": 7.350225714661982, "error_rate": 0.6838383803062132, "f1_score": 0.5843235209522998}, "13": {"train_loss": 6.263924816031221, "val_loss": 7.433913586626706, "error_rate": 0.6947878238174927, "f1_score": 0.5731368440161955}, "14": {"train_loss": 6.227886699259937, "val_loss": 7.437075728563499, "error_rate": 0.681310459869121, "f1_score": 0.5857119912841967}, "15": {"train_loss": 6.1928416171778276, "val_loss": 7.2439234237295, "error_rate": 0.6753736082161893, "f1_score": 0.5935549051113398}, "16": {"train_loss": 6.152452953089073, "val_loss": 7.334322488993213, "error_rate": 0.6682212094157673, "f1_score": 0.5920289819873578}, "17": {"train_loss": 6.147464054102142, "val_loss": 7.500849056715853, "error_rate": 0.6727007458561133, "f1_score": 0.5862267059185869}, "18": {"train_loss": 6.109246419688694, "val_loss": 7.40464410764712, "error_rate": 0.671559888262647, "f1_score": 0.5934856467102507}, "19": {"train_loss": 6.098155561519589, "val_loss": 7.309161217678752, "error_rate": 0.6644322366436143, "f1_score": 0.6010431042805587}, "20": {"train_loss": 6.067399071108893, "val_loss": 7.623995824285206, "error_rate": 0.6843764523281161, "f1_score": 0.5798333717731952}, "21": {"train_loss": 6.063984180389715, "val_loss": 7.4269441760901564, "error_rate": 0.6562488413415394, "f1_score": 0.6010986667543557}, "22": {"train_loss": 6.0600657160213345, "val_loss": 7.310666651804788, "error_rate": 0.6628414568145529, "f1_score": 0.6021041300342236}, "23": {"train_loss": 6.049752261171252, "val_loss": 7.120580674095863, "error_rate": 0.6471796677500483, "f1_score": 0.618065934017745}, "24": {"train_loss": 6.021889139804011, "val_loss": 7.274800793923825, "error_rate": 0.6594002051811845, "f1_score": 0.6077659652846225}, "25": {"train_loss": 6.01754422315271, "val_loss": 7.267293393009455, "error_rate": 0.6597578205076642, "f1_score": 0.6036732798978496}, "26": {"train_loss": 5.987649823303912, "val_loss": 7.250470538255685, "error_rate": 0.6596493712723653, "f1_score": 0.6027285082829418}, "27": {"train_loss": 6.010925291884176, "val_loss": 7.409684645271487, "error_rate": 0.6564840716886694, "f1_score": 0.6019086258987603}, "28": {"train_loss": 5.978470220813539, "val_loss": 7.483906091302462, "error_rate": 0.6709464090910428, "f1_score": 0.5902030601270054}, "29": {"train_loss": 5.978989682529374, "val_loss": 7.214434378008284, "error_rate": 0.6596532903278913, "f1_score": 0.6075668095622524}, "30": {"train_loss": 5.959998675323875, "val_loss": 7.501820642623371, "error_rate": 0.6727601312275922, "f1_score": 0.588867743704827}, "31": {"train_loss": 5.964375193935653, "val_loss": 7.18689713357993, "error_rate": 0.6423315721056786, "f1_score": 0.6235404755258358}, "32": {"train_loss": 5.943927847626505, "val_loss": 7.09692638194764, "error_rate": 0.6478739516757792, "f1_score": 0.6210994369049311}, "33": {"train_loss": 5.953356911350994, "val_loss": 7.3668670154907, "error_rate": 0.6645253370643912, "f1_score": 0.5987516587494743}, "34": {"train_loss": 5.943176397817859, "val_loss": 7.343818777618045, "error_rate": 0.6634435327327473, "f1_score": 0.604970093496061}, "35": {"train_loss": 5.946102477472845, "val_loss": 7.29691976288823, "error_rate": 0.6573895169551512, "f1_score": 0.6081083470626032}, "36": {"train_loss": 5.9174782254331175, "val_loss": 7.606905211349063, "error_rate": 0.6720878758427351, "f1_score": 0.5859732293417512}, "37": {"train_loss": 5.92321526314883, "val_loss": 7.505539656996135, "error_rate": 0.6716486168982042, "f1_score": 0.5888428825798361}, "38": {"train_loss": 5.915976470033611, "val_loss": 7.27373705922506, "error_rate": 0.6618748380042293, "f1_score": 0.6041227278605675}, "39": {"train_loss": 5.917859698858691, "val_loss": 7.257438344115801, "error_rate": 0.6528227334112116, "f1_score": 0.6136785257420033}, "40": {"train_loss": 5.9226051712788905, "val_loss": 7.310098748599188, "error_rate": 0.6566944993022462, "f1_score": 0.607779457340551}, "41": {"train_loss": 5.907628874638809, "val_loss": 7.341919556763417, "error_rate": 0.6615921004000545, "f1_score": 0.6052664510486496}, "42": {"train_loss": 5.90996482533002, "val_loss": 7.330342907552505, "error_rate": 0.6541203220873668, "f1_score": 0.6136404001306497}, "43": {"train_loss": 5.888905038286337, "val_loss": 7.463954744869009, "error_rate": 0.655258875394423, "f1_score": 0.6046535355818511}, "44": {"train_loss": 5.888258095564848, "val_loss": 7.238905797486684, "error_rate": 0.6500285825279778, "f1_score": 0.6140660217836083}, "45": {"train_loss": 5.887496659848972, "val_loss": 7.63260361361413, "error_rate": 0.6681658204589335, "f1_score": 0.5948350687813334}, "46": {"train_loss": 5.897669905135827, "val_loss": 7.707446453857289, "error_rate": 0.6757719597860697, "f1_score": 0.5805780565423747}, "47": {"train_loss": 5.878162575247119, "val_loss": 7.195172677983833, "error_rate": 0.6481198647838307, "f1_score": 0.614503156101379}, "48": {"train_loss": 5.876911466247777, "val_loss": 7.242106989430713, "error_rate": 0.6448910232137027, "f1_score": 0.6163437269080553}, "49": {"train_loss": 5.886965371452621, "val_loss": 7.187188855845957, "error_rate": 0.6447111192245213, "f1_score": 0.6201547149503035}, "50": {"train_loss": 5.868303772492803, "val_loss": 7.370707227030278, "error_rate": 0.6592068302443053, "f1_score": 0.6022233735401412}}