{"1": {"train_loss": 8.584392746744546, "val_loss": 8.236349123784732}, "2": {"train_loss": 7.7481889446423775, "val_loss": 8.058518874704385}, "3": {"train_loss": 7.280886010707916, "val_loss": 7.567386968995272}, "4": {"train_loss": 7.02660075392569, "val_loss": 7.421190848025045}, "5": {"train_loss": 6.85138496928359, "val_loss": 7.6433338284968}, "6": {"train_loss": 6.6480525035004385, "val_loss": 7.643957462529426}, "7": {"train_loss": 6.521695205344759, "val_loss": 7.488860713975452}, "8": {"train_loss": 6.440371755427331, "val_loss": 7.626328078312097}, "9": {"train_loss": 6.367328908876751, "val_loss": 7.627588346570421}, "10": {"train_loss": 6.307436769300243, "val_loss": 7.308387229842783}, "11": {"train_loss": 6.253508485496896, "val_loss": 7.160633991887121}, "12": {"train_loss": 6.184738853559962, "val_loss": 7.568152170424704}, "13": {"train_loss": 6.134914203325562, "val_loss": 7.260488094302531}, "14": {"train_loss": 6.116462313428587, "val_loss": 7.22779612857756}, "15": {"train_loss": 6.086813525882522, "val_loss": 7.031186772911227}, "16": {"train_loss": 6.059425214236536, "val_loss": 7.484719656152961}, "17": {"train_loss": 6.043084158385664, "val_loss": 7.277871923105406}, "18": {"train_loss": 6.020552336600567, "val_loss": 7.108969584673571}, "19": {"train_loss": 6.033496046408096, "val_loss": 7.155086952944297}, "20": {"train_loss": 6.016978223015441, "val_loss": 7.1898164885182005}, "21": {"train_loss": 5.976962510748096, "val_loss": 7.30742613765873}, "22": {"train_loss": 5.992559724727858, "val_loss": 7.155634651738558}, "23": {"train_loss": 5.966939199462748, "val_loss": 7.217098573535254}, "24": {"train_loss": 5.962878715418804, "val_loss": 7.221016865449342}, "25": {"train_loss": 5.975591822486217, "val_loss": 7.376895514205383}, "26": {"train_loss": 5.93793655490881, "val_loss": 7.111992389319766}, "27": {"train_loss": 5.935809428576229, "val_loss": 7.434212998066454}, "28": {"train_loss": 5.9151362936652285, "val_loss": 7.295081800113771}, "29": {"train_loss": 5.945658591419911, "val_loss": 7.0719680470490145}, "30": {"train_loss": 5.960349429499294, "val_loss": 7.304456829337719}, "31": {"train_loss": 5.9300181567919426, "val_loss": 7.229087375413497}, "32": {"train_loss": 5.921810341193763, "val_loss": 7.152111177683188}, "33": {"train_loss": 5.938345086428342, "val_loss": 7.143237799592734}, "34": {"train_loss": 5.907170533079611, "val_loss": 7.029329273879267}, "35": {"train_loss": 5.899560772355505, "val_loss": 7.003279518653337}, "36": {"train_loss": 5.905188910484584, "val_loss": 7.540274525835046}, "37": {"train_loss": 5.911645506115956, "val_loss": 7.160336358086145}, "38": {"train_loss": 5.88407064071106, "val_loss": 7.096537176881369}, "39": {"train_loss": 5.858599732604204, "val_loss": 7.304527114036965}, "40": {"train_loss": 5.8736361248348485, "val_loss": 7.3038356708831635}, "41": {"train_loss": 5.9069320685362205, "val_loss": 7.151078798625283}, "42": {"train_loss": 5.895784584937356, "val_loss": 7.1508018888594815}, "43": {"train_loss": 5.867771501805839, "val_loss": 7.054965322272829}, "44": {"train_loss": 5.873790250698361, "val_loss": 7.4335579574728765}, "45": {"train_loss": 5.895950720784036, "val_loss": 7.4319989669539686}, "46": {"train_loss": 5.873225770021642, "val_loss": 7.210648782352862}, "47": {"train_loss": 5.857418960389368, "val_loss": 7.385097101885759}, "48": {"train_loss": 5.889636687782863, "val_loss": 7.275883381196191}, "49": {"train_loss": 5.846480216340392, "val_loss": 7.330296571430729}, "50": {"train_loss": 5.867004651329419, "val_loss": 7.288545240469044}}