{"1": {"train_loss": 1166.0783527749277, "val_loss": 1070.1965602786872}, "2": {"train_loss": 1003.031733314018, "val_loss": 1019.424013626618}, "3": {"train_loss": 904.8417149367152, "val_loss": 951.6112580594622}, "4": {"train_loss": 824.6331880594698, "val_loss": 925.5451879254863}, "5": {"train_loss": 762.3717745791444, "val_loss": 902.6805773502097}, "6": {"train_loss": 719.8144413086815, "val_loss": 905.9761350354145}, "7": {"train_loss": 684.1081899875848, "val_loss": 892.7685405112439}, "8": {"train_loss": 654.4611319984049, "val_loss": 891.4111722890058}, "9": {"train_loss": 630.5629101904161, "val_loss": 903.3215625935895}, "10": {"train_loss": 610.4889682638382, "val_loss": 914.1015333534627}, "11": {"train_loss": 594.355819484148, "val_loss": 906.9690915929671}, "12": {"train_loss": 578.8069956323022, "val_loss": 889.5779364638279}, "13": {"train_loss": 565.5485520667489, "val_loss": 881.8090548155145}, "14": {"train_loss": 550.0659588372534, "val_loss": 884.6055087018125}, "15": {"train_loss": 535.3950613923383, "val_loss": 916.9157665564719}, "16": {"train_loss": 526.2030238486926, "val_loss": 895.7868477611202}, "17": {"train_loss": 515.0106468873487, "val_loss": 905.9423855022706}, "18": {"train_loss": 505.01466228935516, "val_loss": 911.8487073155604}, "19": {"train_loss": 494.84605442970593, "val_loss": 903.5627571710755}, "20": {"train_loss": 486.7353123469156, "val_loss": 923.9608601338014}, "21": {"train_loss": 471.6685133222564, "val_loss": 914.918401401897}, "22": {"train_loss": 464.4350878487293, "val_loss": 921.468800771387}, "23": {"train_loss": 455.3316140386624, "val_loss": 931.9930722539435}, "24": {"train_loss": 449.3732762392601, "val_loss": 935.0376898732403}, "25": {"train_loss": 443.50757156935896, "val_loss": 925.1078725716663}, "26": {"train_loss": 438.3239148185694, "val_loss": 934.3224424313923}, "27": {"train_loss": 431.547357570908, "val_loss": 927.1395294788167}, "28": {"train_loss": 426.59242475925925, "val_loss": 936.4886755083799}, "29": {"train_loss": 439.77198725455247, "val_loss": 928.3099332193614}, "30": {"train_loss": 433.67143870518464, "val_loss": 924.4158541361907}, "31": {"train_loss": 428.1343353179532, "val_loss": 945.658972418201}, "32": {"train_loss": 410.6850231297705, "val_loss": 940.0786955268272}, "33": {"train_loss": 404.5998928695688, "val_loss": 946.5208879240239}, "34": {"train_loss": 399.2419801452474, "val_loss": 954.6346478313422}, "35": {"train_loss": 396.7375610574947, "val_loss": 952.3299563760881}, "36": {"train_loss": 389.64187254095134, "val_loss": 966.2186847349958}, "37": {"train_loss": 387.0970739006589, "val_loss": 959.2615098291667}, "38": {"train_loss": 383.52885373734676, "val_loss": 936.919115799315}, "39": {"train_loss": 380.5594351530646, "val_loss": 946.9290754207119}, "40": {"train_loss": 383.3184745124056, "val_loss": 952.4790471039976}, "41": {"train_loss": 382.25885491592373, "val_loss": 948.4351125037207}, "42": {"train_loss": 377.9192796061902, "val_loss": 959.1584510232152}, "43": {"train_loss": 369.8153919717283, "val_loss": 937.9254894353212}, "44": {"train_loss": 363.41284729079547, "val_loss": 950.5651995879437}, "45": {"train_loss": 359.7100685928914, "val_loss": 958.902988421855}, "46": {"train_loss": 357.4035732514551, "val_loss": 970.7837279138492}, "47": {"train_loss": 355.2229771234559, "val_loss": 960.19848849898}, "48": {"train_loss": 351.88113675296154, "val_loss": 970.5760932260939}, "49": {"train_loss": 350.12437710646236, "val_loss": 953.9163819976789}, "50": {"train_loss": 347.138300141305, "val_loss": 954.9457485674919}}